ID,Predicted
001i000000NuQ6Y,0.002453061226594878
001i000000NuQXz,0.02718947677110489
001i000000NuRDC,0.6558336921012776
001i000000NuQeg,0.006907369152064186
001i000000NuOQc,0.03041800880432769
001i000000NuPjO,0.003942116960021655
001i000000NuP34,7.798307501487693e-06
001i000000NuS8R,0.003942116960021655
001i000000NuQTS,0.003942116960021655
001i000000NuOFe,9.58965887506434e-06
001i000000NuNvp,5.237277511479972e-05
001i000000NuO3e,0.00013230301094705114
001i000000LhyXh,0.8976084516858804
001i000000NuPsu,0.003942116960021655
001i000000MJzTb,0.003942116960021655
001i000000Q1Y0G,0.32746434055910634
001i000000NuQa8,0.003942116960021655
001i000000NuPt8,0.003942116960021655
001i000000NuO77,7.26171270157134e-05
001i000000NuRGz,0.003942116960021655
001i000000NuRRd,0.05305524757101543
001i000000oks2Z,0.012081069852887165
001i000000NuQNG,0.003942116960021655
001i000000NuPUC,0.0001605161018823275
001i000000NuPeS,0.003942116960021655
001i000000NuQGr,0.003942116960021655
001i000000NuPgl,0.003942116960021655
001i000000NuQaz,0.003942116960021655
001i000000NuNiC,0.003942116960021655
001i000000NuQ8i,0.0023168421204347363
001i000000NuQMI,0.003942116960021655
001i000000NuRuR,0.003942116960021655
001i000000NuOX3,3.517367232866489e-05
001i000000NuP9T,9.645996097828862e-05
001i000000NuPAE,0.003942116960021655
001i000000NuNpK,3.334314631233747e-05
001i000000NuRYX,0.003942116960021655
001i000000NuO3x,0.00014715088719644736
001i000000NuR6z,0.29463310540760634
001i000000NuOCs,2.1927815287463868e-05
001i000000NuRm0,0.003942116960021655
001i000000oks2V,0.012081069852887165
001i000000NuRWL,0.003942116960021655
001i000000NuO9M,6.062996073125816e-05
001i000000oks1x,0.012081069852887165
001i000000NuS1j,0.003942116960021655
001i000000MJzaB,0.003942116960021655
001i000000NuQhR,0.003942116960021655
001i000000NuOdP,0.0008131048434974428
001i000000NuRGr,0.003942116960021655
001i000000Li951,0.003942116960021655
001i000000NuPD2,0.0066907608049703825
001i000000LhyV6,0.9783923733465265
001i000000NuOig,3.190230033663495e-05
001i000000NuPE7,0.003942116960021655
001i000000elQzC,0.06347032587652676
001i000000NuQfl,0.003942116960021655
001i000000NuPrY,0.0027918389079945915
001i000000NuOjD,0.0001605161018823275
001i000000NuRhn,0.003942116960021655
001i000000NuOtw,0.0019731616822708264
001i000000NuOfX,0.001112163697350495
001i000000NuRf2,0.003942116960021655
001i000000NuQGW,0.003942116960021655
001i000000oks1v,0.012081069852887165
001i000000NuQPZ,0.0024363216285509526
001i000000NuPDU,0.0011658029989046253
001i000000NuOVK,0.03082661085068307
001i000000MJzUc,0.003942116960021655
001i000000NuQdK,0.003942116960021655
001i000000NuNXG,0.003942116960021655
001i000000NuRik,0.003942116960021655
001i000000NuQmr,0.003942116960021655
001i000000NuRTA,0.003942116960021655
001i000000LhyYo,0.9692591198181434
001i000000NuOMq,4.950885728471185e-05
001i000000NuS49,0.003942116960021655
001i000000NuQZv,0.003942116960021655
001i000000em18u,0.003942116960021655
001i000000Lhya5,0.1523001099693192
001i000000NuOM9,3.733065660393525e-05
001i000000MJzZr,0.003942116960021655
001i000000NuQs8,0.003942116960021655
001i000000NuR7Z,0.003942116960021655
001i000000NuPm7,0.003942116960021655
001i000000NuQbU,0.003942116960021655
001i000000NuOvH,6.062996073125816e-05
001i000000NuQpC,0.003942116960021655
001i000000NuQy8,0.003942116960021655
001i000000NuQuq,0.003942116960021655
001i000000NuR3n,0.003942116960021655
001i000000NuPVm,0.002917595122592603
001i000000NuQMX,0.003942116960021655
001i000000NuQRo,0.003942116960021655
001i000000NuQwS,0.048737272107903205
001i000000NuOjh,0.0013995873836837593
001i000000NuOZV,3.733065660393525e-05
001i000000NuQkK,0.012081069852887165
001i000000NuOHk,6.062996073125816e-05
001i000000NuPtU,0.003942116960021655
001i000000NuOOK,0.003942116960021655
001i000000NuNhw,0.00025666675324754004
001i000000NuQ0t,0.003942116960021655
001i000000NuRbz,0.003942116960021655
001i000000NuRKn,0.003942116960021655
001i000000NuQWd,0.007993074136661353
001i000000NuPZE,0.0020770702013022074
001i000000NuR2u,0.003942116960021655
001i000000MKXgt,0.003942116960021655
001i000000NuPtW,1.908238415040267e-05
001i000000NuNxv,1.7735536073317256e-05
001i000000NuQYl,0.003942116960021655
001i000000NuPYg,0.003942116960021655
001i000000NuQja,0.003942116960021655
001i000000MJzZJ,0.003942116960021655
001i000000NuPPs,0.003942116960021655
001i000000NuR85,0.007993074136661353
001i000000NuRWl,0.003942116960021655
001i000000NuP4U,0.001202931283970079
001i000000N1vW1,0.003942116960021655
001i000000NuPZ9,0.003942116960021655
001i000000NuOuX,0.0011658029989046253
001i000000NuRkY,0.003942116960021655
001i000000NuPed,0.003942116960021655
001i000000NuNlr,0.003942116960021655
001i000000NuRLv,0.003942116960021655
001i000000NuOQD,4.351902672287443e-05
001i000000NuPTi,6.062996073125816e-05
001i000000NuQmW,0.003942116960021655
001i000000NuOZJ,5.348241897543963e-05
001i000000NuPL1,1.602547047803285e-05
001i000000NuPWs,0.003942116960021655
001i000000NuNVg,0.00014916111449766802
001i000000NuOVd,6.062996073125816e-05
001i000000NuPGw,0.0001605161018823275
001i000000MJzaN,0.003942116960021655
001i000000NuOFm,0.002529030704931964
001i000000NuPMM,0.0016635862483939173
001i000000NuS23,0.003942116960021655
001i000000LhyaR,0.9252440415995387
001i000000NuPu1,0.003942116960021655
001i000000NuRFR,0.2594744090566688
001i000000NuPxF,0.001011789037686869
001i000000ZqfMa,0.003942116960021655
001i000000NuRrl,0.003942116960021655
001i000000NuROC,0.012081069852887165
001i000000NuOfu,0.003942116960021655
001i000000NuRyh,0.003942116960021655
001i000000NuPBD,3.547666070113489e-05
001i000000NuPkY,0.003942116960021655
001i000000NuNWZ,0.003942116960021655
001i000000NuQuW,0.003942116960021655
001i000000NuOMB,1.908238415040267e-05
001i000000NuRNU,0.012081069852887165
001i000000NuO34,1.7831978416360886e-05
001i000000NuQ94,0.003942116960021655
001i000000NuPSw,0.003942116960021655
001i000000NuOn6,8.080229614671418e-05
001i000000NuRL7,0.012081069852887165
001i000000NuOjY,4.615327100675717e-05
001i000000NuPPC,0.003942116960021655
001i000000NuP1u,0.0009606278880748055
001i000000LhyVR,0.9945966941303284
001i000000NuPjb,0.003942116960021655
001i000000NuNmP,6.063442093995922e-05
001i000000NuQwW,0.003942116960021655
001i000000MJzbq,0.003942116960021655
001i000000NuOjI,3.733065660393525e-05
001i000000NuOrZ,6.062996073125816e-05
001i000000NuPzN,0.003942116960021655
001i000000NuObp,0.00027531707001517684
001i000000NuPcJ,0.003942116960021655
001i000000NuP2v,8.172111614679989e-05
001i000000NuPQU,0.0012950626140331284
001i000000NuOCz,6.062996073125816e-05
001i000000NuS1U,0.003942116960021655
001i000000LhyRX,0.9234799809615746
001i000000oks3H,0.012081069852887165
001i000000NuOvT,0.00036882299649837073
001i000000NuP9X,0.0012168765092665694
001i000000NuPEV,0.0001852110243274091
001i000000NuPob,1.908238415040267e-05
001i000000NuQse,0.003942116960021655
001i000000NuRjJ,0.003942116960021655
001i000000NuPhQ,0.00588933584947431
001i000000NuPb9,0.003942116960021655
001i000000NuQZ7,0.003942116960021655
001i000000NuPst,0.003942116960021655
001i000000NuRxa,0.003942116960021655
001i000000NuPqF,0.003942116960021655
001i000000NuQ6u,3.247503578793419e-05
001i000000NuRSB,0.012081069852887165
001i000000NuQCq,0.003942116960021655
001i000000NuQ4b,0.003942116960021655
001i000000NuPok,1.908238415040267e-05
001i000000NuO8F,0.00018055540206502775
001i000000NuPwQ,0.0023756985799987924
001i000000N1vVb,0.003942116960021655
001i000000NuROq,0.003942116960021655
001i000000LiKyj,0.003942116960021655
001i000000NuNn6,0.0003983653960442199
001i000000NuRSy,0.012081069852887165
001i000000NuRYo,0.003942116960021655
001i000000NuRYp,0.012081069852887165
001i000000NuNxm,0.00011295938532013844
001i000000NuR1E,0.010568907120940956
001i000000NuOqM,4.950885728471185e-05
001i000000NuREQ,0.012081069852887165
001i000000NuNcP,0.003942116960021655
001i000000NuPrN,0.00032661016450350735
001i000000NuNvV,3.7683936501642576e-05
001i000000NuQYd,0.003942116960021655
001i000000NuOMA,6.062996073125816e-05
001i000000NuP6M,2.4080577955824373e-05
001i000000NuQko,0.003942116960021655
001i000000NuRh4,0.003942116960021655
001i000000NuQTv,0.003942116960021655
001i000000NuQD0,0.003942116960021655
001i000000NuPK9,0.0001605161018823275
001i000000NuNsS,3.907875719741583e-05
001i000000NuNrH,0.003942116960021655
001i000000NuQqx,0.003942116960021655
001i000000NuOhK,0.003942116960021655
001i000000NuQGR,0.003942116960021655
001i000000Lhybr,0.89214171143452
001i000000NuQL1,0.003942116960021655
001i000000NuS7T,0.003942116960021655
001i000000ZtB0Y,0.012081069852887165
001i000000NuQtH,0.003942116960021655
001i000000NuOQ0,0.001808294578208066
001i000000NuQ4E,0.003942116960021655
001i000000NuSoh,0.013259326489743825
001i000000P3q7j,0.33837920561060475
001i000000NuPfR,0.003942116960021655
001i000000NuRA0,0.003942116960021655
001i000000NuRMv,0.003942116960021655
001i000000Li95h,0.003942116960021655
001i000000NuNWh,0.14424414654394432
001i000000NuR6G,0.006978770016226435
001i000000NuQo1,0.003942116960021655
001i000000NuO1i,6.2730491349622375e-06
001i000000NuNjT,0.012081069852887165
001i000000MJzb1,0.003942116960021655
001i000000NuQsF,0.003942116960021655
001i000000NuQBl,0.003942116960021655
001i000000NuNW5,0.00010841794173619036
001i000000Lhybq,0.9437039842512702
001i000000NuPrl,0.003942116960021655
001i000000NuQUt,0.003942116960021655
001i000000NuOWE,0.0022741424467848806
001i000000NuQiP,0.003942116960021655
001i000000NuO2X,0.00010254795553533092
001i000000NuPe6,1.908238415040267e-05
001i000000NuQEE,0.003942116960021655
001i000000LhyYb,0.9605650367261492
001i000000NuNV4,0.00010945790557711235
001i000000NuQ3t,0.003942116960021655
001i000000NuR9g,0.012081069852887165
001i000000NuQDK,0.003942116960021655
001i000000NuOJo,0.00017781204081391384
001i000000NuPxh,0.003942116960021655
001i000000NuPcQ,3.1349848669837816e-05
001i000000NuRSc,0.003942116960021655
001i000000NuNps,0.0003777131092016393
001i000000NuPYw,0.003942116960021655
001i000000ZtAP2,0.003942116960021655
001i000000NuP9N,0.09664128884059235
001i000000NuOrg,3.101877191281308e-05
001i000000NuRLI,0.012081069852887165
001i000000NuPsM,0.003942116960021655
001i000000NuQBa,0.012081069852887165
001i000000NuQo5,0.003942116960021655
001i000000NuQ5A,0.003942116960021655
001i000000NuPRO,0.003942116960021655
001i000000NuP8d,6.062996073125816e-05
001i000000NuRMS,0.012081069852887165
001i000000NuQcv,0.1431204340310234
001i000000NuOQU,3.185156427907642e-05
001i000000NuQfH,0.003942116960021655
001i000000oks52,0.012081069852887165
001i000000NuPyC,0.020697830393457697
001i000000NuNYu,1.1684116159262956e-05
001i000000NuRjQ,0.003942116960021655
001i000000NuNQh,0.2852429517804506
001i000000NuOSN,6.23746936432198e-05
001i000000NuQwA,0.003942116960021655
001i000000NuQNC,0.003942116960021655
001i000000NuP2G,6.062996073125816e-05
001i000000LhycJ,0.9750101624343327
001i000000NuOMr,3.0845536360664637e-05
001i000000NuRfw,0.003942116960021655
001i000000NuQW9,0.012081069852887165
001i000000NuPga,1.908238415040267e-05
001i000000NuPPU,0.003942116960021655
001i000000NuNnB,0.00012601516141932235
001i000000NuOvC,0.0001605161018823275
001i000000NuQgc,0.003942116960021655
001i000000LhyX0,0.9377374212809911
001i000000MKXgy,0.003942116960021655
001i000000Li94O,0.012081069852887165
001i000000NuOOf,6.062996073125816e-05
001i000000NuO6F,0.00018229346206818117
001i000000NuQeN,0.006907369152064186
001i000000NuRPp,0.012081069852887165
001i000000NuOyH,2.430650740737172e-05
001i000000NuQrp,0.003942116960021655
001i000000NuOSK,0.00010251845447791271
001i000000NuRAN,0.012081069852887165
001i000000NuPl6,0.003942116960021655
001i000000NuR63,0.01734721236583052
001i000000NuPiv,0.003942116960021655
001i000000NuRlm,0.003942116960021655
001i000000NuON6,3.598431845542358e-05
001i000000NuQLm,0.003942116960021655
001i000000NuQZ1,0.003942116960021655
001i000000NuOR1,0.0001605161018823275
001i000000NuQLb,0.003942116960021655
001i000000NuQsZ,0.003942116960021655
001i000000MJzTW,0.003942116960021655
001i000000NuQn0,0.017450601988072762
001i000000NuS0v,0.003942116960021655
001i000000NuQMi,0.003942116960021655
001i000000NuPYe,0.001421163412571428
001i000000NuNaP,0.0003806423320509686
001i000000NuR1Q,0.003942116960021655
001i000000NuPGb,5.638497836293453e-05
001i000000NuNqK,0.0001469450005886239
001i000000NuRig,0.003942116960021655
001i000000LhyZD,0.986608352262447
001i000000NuQFs,0.0001538701094972774
001i000000elUQU,0.07637410666527994
001i000000NuOSW,6.062996073125816e-05
001i000000NuNgk,0.003942116960021655
001i000000NuRST,0.003942116960021655
001i000000NuPLM,0.0011658029989046253
001i000000NuOV6,1.908238415040267e-05
001i000000NuRhw,0.003942116960021655
001i000000NuPQN,0.003942116960021655
001i000000LhyPF,0.6341651788864568
001i000000NuRZW,0.003942116960021655
001i000000MJzUk,0.003942116960021655
001i000000NuP5l,0.0001761400948597961
001i000000NuNto,0.00919264379776398
001i000000NuQNN,0.003942116960021655
001i000000NuP5y,6.062996073125816e-05
001i000000NuRjy,0.003942116960021655
001i000000NuPR6,0.003942116960021655
001i000000NuPsi,0.003942116960021655
001i000000NuPQx,0.003942116960021655
001i000000NuOE1,0.0001678297274745332
001i000000NuP4p,0.00014925300768969924
001i000000NuOFR,0.00022815889086835934
001i000000NuPKT,0.001516328503762725
001i000000NuNYz,0.003942116960021655
001i000000NuOas,7.480022243356513e-05
001i000000NuNuv,3.774280771763927e-05
001i000000NuP63,4.32349514011389e-05
001i000000NuRuC,0.003942116960021655
001i000000NuO9T,0.32746434055910634
001i000000NuODe,0.00013040021627149098
001i000000NuNm8,0.00028363220744135877
001i000000NuP39,1.908238415040267e-05
001i000000NuNnc,1.127082265497817e-05
001i000000NuOHc,4.8128176224905176e-05
001i000000NuP1n,3.733065660393525e-05
001i000000NuQtU,0.003942116960021655
001i000000NuPVA,0.037118257792265484
001i000000NuRip,0.003942116960021655
001i000000LhySu,0.8901877019732334
001i000000NuRE2,0.012081069852887165
001i000000NuO0J,7.26171270157134e-05
001i000000NuOW7,0.00025336711752494507
001i000000NuR88,0.0076031632359798125
001i000000NuR4y,0.003942116960021655
001i000000NuOky,4.351902672287443e-05
001i000000NuOxA,1.908238415040267e-05
001i000000NuQTL,0.003942116960021655
001i000000NuRPG,0.003942116960021655
001i000000oks49,0.012081069852887165
001i000000LhyR7,0.9988924401919376
001i000000NuOiL,4.591530908349144e-05
001i000000NuPUD,0.0001605161018823275
001i000000NuQAF,0.003942116960021655
001i000000NuOa1,0.0001605161018823275
001i000000NuQrs,0.003942116960021655
001i000000NuOWM,0.00017627139339653893
001i000000Li96N,0.003942116960021655
001i000000NuP97,7.320315723345908e-05
001i000000NuQG8,0.003942116960021655
001i000000NuQWH,0.003942116960021655
001i000000NuP1U,0.004578441931569125
001i000000NuOxT,0.0009606278880748055
001i000000NuPbM,0.0012168765092665694
001i000000LhyXN,0.9743978398013078
001i000000NuR97,0.003942116960021655
001i000000NuOTT,3.733065660393525e-05
001i000000NuR9U,0.5518642022714394
001i000000NuOw7,6.062996073125816e-05
001i000000LhyPb,0.9325081326879724
001i000000NuNjr,3.733065660393525e-05
001i000000NuOeJ,0.0013799318259128217
001i000000NuPnP,0.003942116960021655
001i000000NuR02,0.003942116960021655
001i000000NuREK,0.003942116960021655
001i000000NuOK6,8.911007472332859e-05
001i000000NuQ9T,0.002307797719685726
001i000000NuQ2v,3.733065660393525e-05
001i000000NuRP0,0.012081069852887165
001i000000NuPI3,0.012483174554643341
001i000000NuOrM,0.0012297895305342756
001i000000NuNwb,2.7810911898232828e-05
001i000000NuNnY,1.92713604046511e-05
001i000000NuQUa,0.003942116960021655
001i000000NuOIh,4.923735726236967e-05
001i000000NuOHv,6.062996073125816e-05
001i000000LhySc,0.9939347951479012
001i000000NuR2D,0.06147952835407638
001i000000NuP1e,4.3214017018618336e-05
001i000000NuO1g,4.0952592151850195e-06
001i000000NuRhP,0.003942116960021655
001i000000NuSp1,0.011515014492257948
001i000000NuRqF,0.003942116960021655
001i000000Li94i,0.003942116960021655
001i000000NuQPh,0.003942116960021655
001i000000NuQjB,0.003942116960021655
001i000000NuPTY,0.003942116960021655
001i000000NuPEI,0.0013443910136642812
001i000000NuNYy,0.00010841794173619036
001i000000NuPZr,0.003942116960021655
001i000000Li94C,0.003942116960021655
001i000000NuSpJ,0.015784471165694838
001i000000NuRWA,7.75367621447871e-05
001i000000NuPhj,0.003942116960021655
001i000000NuPqt,0.003942116960021655
001i000000MJzVf,0.003942116960021655
001i000000NuQ6y,8.943389889124624e-05
001i000000NuOcv,6.062996073125816e-05
001i000000NuPOS,0.003942116960021655
001i000000NuRJ2,0.012081069852887165
001i000000NuOct,0.001202931283970079
001i000000NuP8u,5.336056743821589e-05
001i000000NuP7s,3.529402287991856e-05
001i000000NuQ0W,0.003942116960021655
001i000000NuPbR,0.003942116960021655
001i000000NuOgd,4.2059682543117116e-05
001i000000NuRtn,0.003942116960021655
001i000000NuOOy,0.003942116960021655
001i000000NuO1q,1.6937013538919535e-05
001i000000NuPot,9.449237270824262e-05
001i000000NuQHf,0.003942116960021655
001i000000NuPQ3,0.003942116960021655
001i000000LhyPP,0.9772974794575479
001i000000NuOPQ,0.003942116960021655
001i000000NuQaR,0.003942116960021655
001i000000NuOuD,0.005050423793849673
001i000000NuQiR,0.003942116960021655
001i000000NuQhQ,0.003942116960021655
001i000000NuQcR,0.003942116960021655
001i000000MJzVh,0.003942116960021655
001i000000NuPt0,0.003942116960021655
001i000000NuS1c,0.003942116960021655
001i000000NuRYa,0.003942116960021655
001i000000NuPo7,0.003942116960021655
001i000000Lhybs,0.8656130927853706
001i000000NuQD6,0.003942116960021655
001i000000NuPXq,0.003942116960021655
001i000000NuOwa,6.062996073125816e-05
001i000000NuQUP,0.0024363216285509526
001i000000NuRkE,0.003942116960021655
001i000000NuQE0,0.003942116960021655
001i000000NuPlm,0.003942116960021655
001i000000NuRaH,0.003942116960021655
001i000000MJzUE,0.003942116960021655
001i000000NuQpe,0.003942116960021655
001i000000NuRac,0.003942116960021655
001i000000NuOV2,0.00010358989295039859
001i000000NuRVe,0.012081069852887165
001i000000NuO9l,0.00012073771449240892
001i000000em0ZK,0.003942116960021655
001i000000NuQMA,0.012081069852887165
001i000000NuNmk,5.5293222830574834e-05
001i000000LhyaM,0.9706649914128396
001i000000NuPAT,4.618137374804538e-05
001i000000NuPgf,0.003942116960021655
001i000000NuPbn,0.0019528044878834225
001i000000NuNrT,0.00038178843271812347
001i000000Li96J,0.003942116960021655
001i000000NuOvY,6.610227020672303e-05
001i000000NuQgL,0.003942116960021655
001i000000oks1L,0.012081069852887165
001i000000NuOqt,1.8925235876039627e-05
001i000000NuPu2,0.003942116960021655
001i000000NuRD2,0.012081069852887165
001i000000NuPwh,0.003942116960021655
001i000000NuOXE,6.062996073125816e-05
001i000000NuQYS,0.003942116960021655
001i000000NuRhK,0.003942116960021655
001i000000NuRhH,0.003942116960021655
001i000000NuR94,0.003942116960021655
001i000000NuQAx,0.003942116960021655
001i000000NuQhy,0.003942116960021655
001i000000NuQFA,0.003942116960021655
001i000000NuOfE,0.0001605161018823275
001i000000NuQ21,0.003942116960021655
001i000000NuRRQ,0.003942116960021655
001i000000NuRBb,0.003942116960021655
001i000000NuO9s,0.9973270346313463
001i000000NuRdG,0.003942116960021655
001i000000NuPDK,0.00019847279517394188
001i000000NuOHQ,3.733065660393525e-05
001i000000NuOsp,0.005066726548968328
001i000000NuPNc,0.003942116960021655
001i000000NuOMe,3.733065660393525e-05
001i000000NuQDC,0.003942116960021655
001i000000NuPwu,0.003942116960021655
001i000000NuQcN,0.00035043041966945895
001i000000NuOUA,0.012081069852887165
001i000000NuQYD,0.003942116960021655
001i000000NuOOo,0.003942116960021655
001i000000MJzX4,0.003942116960021655
001i000000Q3OQS,0.006705423266115177
001i000000NuNgF,0.003942116960021655
001i000000NuQVt,0.003942116960021655
001i000000NuOJB,1.908238415040267e-05
001i000000NuQiV,0.003942116960021655
001i000000NuQk7,0.003942116960021655
001i000000NuOt3,0.003942116960021655
001i000000em6xl,0.046668803384845914
001i000000NuPOE,0.003942116960021655
001i000000NuQdg,0.003942116960021655
001i000000NuPFy,0.003942116960021655
001i000000NuQ4c,0.003942116960021655
001i000000NuRUH,0.003942116960021655
001i000000NuNda,0.003942116960021655
001i000000NuNWe,7.26171270157134e-05
001i000000NuNp6,1.1283348761200335e-05
001i000000NuPJr,0.021408342915511695
001i000000NuQHN,0.003942116960021655
001i000000NuQjj,0.003942116960021655
001i000000NuPsK,0.003942116960021655
001i000000NuPHm,6.062996073125816e-05
001i000000NuOBb,0.003942116960021655
001i000000NuNhO,0.003942116960021655
001i000000NuQIN,0.06409055963108164
001i000000NuQD3,0.003942116960021655
001i000000NuOV0,4.4663556481661176e-05
001i000000NuOcU,6.0790523307198646e-05
001i000000NuRdV,0.003942116960021655
001i000000NuS7h,0.003942116960021655
001i000000NuOFP,0.00013269072589656395
001i000000NuNu8,1.2309134655443204e-05
001i000000NuO8e,0.0019300997773925828
001i000000NuRax,0.003942116960021655
001i000000NuNxU,0.0003320711831122075
001i000000NuQna,0.012081069852887165
001i000000NuOVy,0.0001423175297566561
001i000000NuNlS,0.003942116960021655
001i000000NuQBM,0.002194607278906284
001i000000NuPbw,0.003942116960021655
001i000000NuQ10,0.003942116960021655
001i000000NuOk6,3.733065660393525e-05
001i000000NuQXL,0.003942116960021655
001i000000NuNtx,3.733065660393525e-05
001i000000NuRjf,0.003942116960021655
001i000000NuNVa,0.003942116960021655
001i000000NuR52,0.01636824959284754
001i000000NuPcM,0.003942116960021655
001i000000NuOVX,4.351902672287443e-05
001i000000NuPbk,0.003942116960021655
001i000000NuPCt,0.0009606278880748055
001i000000NuQzK,0.003942116960021655
001i000000NuNnI,3.700371382465433e-05
001i000000NuQRh,0.003942116960021655
001i000000LhyYe,0.40779674748602746
001i000000NuOcG,6.062996073125816e-05
001i000000NuQ37,0.003942116960021655
001i000000NuPg6,0.003942116960021655
001i000000NuPxd,1.908238415040267e-05
001i000000NuQNM,0.003942116960021655
001i000000NuO4I,0.0001319514551624643
001i000000NuQsM,0.003942116960021655
001i000000NuPyw,0.003942116960021655
001i000000NuPjt,0.008484652076744249
001i000000NuR3t,0.003942116960021655
001i000000NuRno,0.003942116960021655
001i000000NuPdu,0.003942116960021655
001i000000NuRzQ,0.003942116960021655
001i000000NuO8c,1.922330273672186e-05
001i000000LhyWV,0.10520928280608435
001i000000NuOdO,0.0009087643103661224
001i000000NuS1b,0.003942116960021655
001i000000NuPxt,0.00021566881486054134
001i000000NuOQr,0.00015958169457419585
001i000000NuOc4,0.002403840122677915
001i000000NuPr3,0.003942116960021655
001i000000NuQq2,0.003942116960021655
001i000000NuPXJ,0.003942116960021655
001i000000NuOBx,9.690363729179617e-06
001i000000NuNhi,0.00027531707001517684
001i000000NuQSR,0.003942116960021655
001i000000NuRzN,0.003942116960021655
001i000000NuQm9,0.010568907120940956
001i000000NuRnx,0.003942116960021655
001i000000NuReW,0.003942116960021655
001i000000NuPfO,0.00014916111449766802
001i000000NuQw6,0.003942116960021655
001i000000NuOjM,0.01750424897188084
001i000000em6nE,0.003942116960021655
001i000000NuOGD,3.784609778249474e-05
001i000000NuNmF,7.26171270157134e-05
001i000000NuNzi,0.00015027530235998783
001i000000NuNpx,3.4851897722653975e-05
001i000000NuRHl,0.10355467284847802
001i000000NuPny,0.003942116960021655
001i000000NuPzg,0.003942116960021655
001i000000NuRVb,0.012081069852887165
001i000000NuOQn,3.175170066067286e-05
001i000000NuR7s,0.007993074136661353
001i000000NuNiZ,0.003942116960021655
001i000000NuPrO,0.0012635502536679328
001i000000NuQu1,0.003942116960021655
001i000000Li95l,0.003942116960021655
001i000000NuSpf,0.006958491920105271
001i000000NuR7j,0.011848811468231904
001i000000NuO8Q,6.255737490269625e-05
001i000000NuRUQ,0.012081069852887165
001i000000MJzTQ,0.003942116960021655
001i000000elRn8,0.3649891573062493
001i000000NuNmi,1.6105825074376644e-05
001i000000NuPs0,0.003942116960021655
001i000000NuRF1,0.012081069852887165
001i000000MJzVO,0.003942116960021655
001i000000NuNlj,6.115140515012452e-05
001i000000NuOgW,4.132570003157932e-05
001i000000NuOJF,0.0001605161018823275
001i000000NuPba,0.001612262871064606
001i000000NuPEO,1.908238415040267e-05
001i000000NuROH,0.003942116960021655
001i000000NuR3c,0.012081069852887165
001i000000NuQzF,0.003942116960021655
001i000000NuP40,0.0001605161018823275
001i000000MJzYA,0.003942116960021655
001i000000NuOqJ,6.062996073125816e-05
001i000000NuPqR,0.003942116960021655
001i000000NuQ1N,0.003942116960021655
001i000000NuPx2,1.908238415040267e-05
001i000000NuPGr,3.583875775048528e-05
001i000000NuOfN,0.0008131048434974428
001i000000NuQZo,0.003942116960021655
001i000000NuObg,2.4798557911099777e-05
001i000000NuQkE,0.003942116960021655
001i000000NuOvv,0.13358896368331974
001i000000NuQbi,0.003942116960021655
001i000000NuQ5z,0.003942116960021655
001i000000NuPJh,0.003942116960021655
001i000000NuRGW,0.012081069852887165
001i000000NuP9U,0.000127588233767463
001i000000NuR2l,0.003942116960021655
001i000000NuOtW,0.0018705695845536018
001i000000NuOYI,4.351902672287443e-05
001i000000NuQqm,0.003942116960021655
001i000000NuOPm,0.0002857082614871916
001i000000NuNvs,3.728138217844193e-05
001i000000NuOsk,3.7623058482374246e-05
001i000000MJzXn,0.003942116960021655
001i000000NuRM5,0.012081069852887165
001i000000NuR4i,0.003942116960021655
001i000000NuR4N,0.04150854749935803
001i000000NuOtc,0.0018705695845536018
001i000000NuRJS,0.003942116960021655
001i000000NuQG0,0.003942116960021655
001i000000NuOxS,0.003942116960021655
001i000000NuOGP,0.0003157424646047599
001i000000NuRTD,0.012081069852887165
001i000000NuOrX,0.0005227397960737308
001i000000NuOM1,6.062996073125816e-05
001i000000MJzYu,0.003942116960021655
001i000000NuOpZ,1.2308192498913692e-05
001i000000NuPg0,0.003942116960021655
001i000000NuRTW,0.003942116960021655
001i000000NuRT7,0.05305524757101543
001i000000oks3K,0.012081069852887165
001i000000NuOof,0.0003073269305294558
001i000000NuQwm,0.003942116960021655
001i000000NuQF1,0.003942116960021655
001i000000NuQff,0.003942116960021655
001i000000NuQJj,0.003942116960021655
001i000000MJzVd,0.003942116960021655
001i000000NuQDX,0.003942116960021655
001i000000LhyQx,0.9481023139810751
001i000000NuPPz,0.003942116960021655
001i000000NuPpY,1.908238415040267e-05
001i000000NuPNs,0.003942116960021655
001i000000NuOau,4.351902672287443e-05
001i000000NuONb,0.0009613150996192598
001i000000NuRyA,0.003942116960021655
001i000000LhyRE,0.9890138002342711
001i000000NuQ4U,0.003942116960021655
001i000000oks3E,0.012081069852887165
001i000000NuQPC,0.003942116960021655
001i000000NuPbC,0.003942116960021655
001i000000NuO5l,0.0007948543992646994
001i000000NuREo,0.012081069852887165
001i000000NuPDV,0.001202931283970079
001i000000NuPyY,0.13765723956985304
001i000000NuNtH,8.29437465796127e-05
001i000000NuNhV,0.003942116960021655
001i000000NuOYo,5.475936011669486e-05
001i000000NuQSZ,0.021408342915511695
001i000000NuQTx,0.003942116960021655
001i000000NuP8I,0.012081069852887165
001i000000NuQDo,0.003942116960021655
001i000000NuRRU,0.003942116960021655
001i000000NuNE1,0.00035745643726083906
001i000000NuO2L,0.00012073771449240892
001i000000NuPNU,0.003942116960021655
001i000000NuRay,0.003942116960021655
001i000000NuRey,0.003942116960021655
001i000000NuOtu,0.003167817564317357
001i000000NuQkn,0.003942116960021655
001i000000NuNg5,0.0001605161018823275
001i000000NuRAu,0.003942116960021655
001i000000em0XO,0.003942116960021655
001i000000ZtRoA,0.003942116960021655
001i000000NuNXx,4.950885728471185e-05
001i000000NuQy6,0.003942116960021655
001i000000NuNmh,0.0003391811081932034
001i000000NuNqP,2.7348169436283193e-05
001i000000NuOmi,0.01200043941755047
001i000000NuRb5,0.003942116960021655
001i000000NuPoI,0.003942116960021655
001i000000NuPp8,3.8374246771740495e-05
001i000000NuQc7,0.003942116960021655
001i000000NuQk9,0.003942116960021655
001i000000NuQ3F,0.003942116960021655
001i000000NuOEu,2.8857653994426107e-05
001i000000NuP6Q,3.886714545119528e-05
001i000000NuOr0,4.950885728471185e-05
001i000000NuRHQ,0.012081069852887165
001i000000LhyQ5,0.969315520282195
001i000000NuQtQ,0.003942116960021655
001i000000NuPN6,0.007993074136661353
001i000000NuORL,6.256983146195429e-05
001i000000NuPhm,0.0016758213389045959
001i000000NuQwf,0.012081069852887165
001i000000NuRTh,0.012081069852887165
001i000000NuRm4,0.003942116960021655
001i000000NuOiv,2.933306945763753e-05
001i000000NuO7u,1.3766761777444645e-05
001i000000NuODi,0.003942116960021655
001i000000NuPjN,0.003942116960021655
001i000000NuO4y,7.26171270157134e-05
001i000000NuQ3h,0.003942116960021655
001i000000NuRLq,0.003942116960021655
001i000000NuPuN,0.003942116960021655
001i000000NuRc8,0.003942116960021655
001i000000NuPdQ,0.003942116960021655
001i000000NuRUW,0.003942116960021655
001i000000NuNjZ,0.003942116960021655
001i000000MJzUs,0.003942116960021655
001i000000NuOSp,4.044957417604055e-05
001i000000NuPWh,0.0011876878092774166
001i000000NuQsu,0.003942116960021655
001i000000NuPDm,0.0036418972080506534
001i000000NuR5G,0.03551300320277944
001i000000NuOYP,0.0001605161018823275
001i000000NuP6v,2.7855829648915493e-05
001i000000NuOE5,4.950885728471185e-05
001i000000NuPy6,0.003942116960021655
001i000000NuQ4s,0.003942116960021655
001i000000LhyXU,0.9962214007171897
001i000000NuQzG,0.003942116960021655
001i000000NuQMa,0.0002706621272978627
001i000000NuNnr,6.394747267673829e-05
001i000000NuOgG,6.4496494148464205e-06
001i000000NuPgR,0.010568907120940956
001i000000NuQpa,0.003942116960021655
001i000000NuNnq,0.07385747590304216
001i000000NuQNg,0.003942116960021655
001i000000NuOK3,0.00010051927445912222
001i000000NuRQF,0.003942116960021655
001i000000NuOQm,0.003942116960021655
001i000000NuRei,0.003942116960021655
001i000000NuOiS,3.733065660393525e-05
001i000000NuRVm,0.9590810300654835
001i000000NuQ1D,0.003942116960021655
001i000000NuRRW,0.012081069852887165
001i000000NuQwX,0.003942116960021655
001i000000NuQ4A,0.0001605161018823275
001i000000NuNib,0.012081069852887165
001i000000NuNXo,0.004947686884243603
001i000000NuOAf,5.05227617142765e-05
001i000000NuOJa,6.062996073125816e-05
001i000000NuP53,0.0013443910136642812
001i000000NuPXh,0.004510495242937154
001i000000MJzaR,0.003942116960021655
001i000000NuO84,1.2937366771935914e-05
001i000000LhyTx,0.9930767069488952
001i000000NuPwt,0.1523001099693192
001i000000NuP3G,6.062996073125816e-05
001i000000NuRjE,0.003942116960021655
001i000000NuQ8r,0.003942116960021655
001i000000Li94u,0.003942116960021655
001i000000NuR1H,0.003942116960021655
001i000000NuQbx,0.06227383323748223
001i000000NuRSs,0.012081069852887165
001i000000NuQdw,0.003942116960021655
001i000000NuOMI,0.00014916111449766802
001i000000NuS0b,0.003942116960021655
001i000000NuQrQ,0.003942116960021655
001i000000NuPKw,0.003942116960021655
001i000000MJzaf,0.003942116960021655
001i000000NuQmo,0.003942116960021655
001i000000NuPtn,0.003942116960021655
001i000000NuQ7f,0.003942116960021655
001i000000oks50,0.012081069852887165
001i000000NuNVT,0.00014725013104639376
001i000000NuOd5,0.00015958169457419585
001i000000NuR40,0.003942116960021655
001i000000NuQMb,0.06809299206420386
001i000000NuQvh,0.012081069852887165
001i000000NuNlT,0.003942116960021655
001i000000NuNcZ,0.00044064993194751806
001i000000NuPC3,0.003942116960021655
001i000000MJzUC,0.003942116960021655
001i000000NuQhA,0.003942116960021655
001i000000NuR5s,0.007993074136661353
001i000000NuNvN,6.062996073125816e-05
001i000000NuQMY,0.003942116960021655
001i000000NuNhK,0.003942116960021655
001i000000NuOON,5.680427787013259e-05
001i000000NuRD9,0.012081069852887165
001i000000NuOC2,2.4798557911099777e-05
001i000000NuRiw,0.003942116960021655
001i000000NuQap,0.003942116960021655
001i000000LhyQ7,0.9931838702621543
001i000000NuPbm,0.003942116960021655
001i000000NuNmV,0.003942116960021655
001i000000NuPWV,0.003942116960021655
001i000000NuQa7,0.003942116960021655
001i000000NuQeF,0.003942116960021655
001i000000NuS89,0.003942116960021655
001i000000NuRJM,0.012081069852887165
001i000000LhyYB,0.846827210393726
001i000000NuOtU,5.513833955000257e-05
001i000000NuP1J,0.00021479770037982754
001i000000NuOK8,0.0001605161018823275
001i000000NuP3L,6.062996073125816e-05
001i000000NuQO1,0.003942116960021655
001i000000NuPT3,0.002185515834200529
001i0000018979H,0.003942116960021655
001i000000NuP13,1.7665017875969125e-05
001i000000NuPbF,0.003942116960021655
001i000000NuQ3g,0.003942116960021655
001i000000NuNct,0.003942116960021655
001i000000NuP1g,0.00015958169457419585
001i000000NuQrc,0.003942116960021655
001i000000Lhybi,0.8948639618032475
001i000000NuPgO,0.003942116960021655
001i000000MJzUF,0.003942116960021655
001i000000NuQe4,0.003942116960021655
001i000000elRf2,0.16175673947219385
001i000000NuOXR,0.003942116960021655
001i000000NuNaU,0.003942116960021655
001i000000NuPs3,0.003942116960021655
001i000000NuQ8J,0.003942116960021655
001i000000em8wv,0.003942116960021655
001i000000NuQyG,0.003942116960021655
001i000000NuOVv,0.2151873426102333
001i000000NuOnp,0.003942116960021655
001i000000NuOtV,0.0019731616822708264
001i000000NuPkl,0.003942116960021655
001i000000NuNa9,0.003942116960021655
001i000000NuR3F,0.003942116960021655
001i000000NuO7a,0.00021713964728197233
001i000000NuQss,0.003942116960021655
001i000000NuOLd,1.908238415040267e-05
001i000000LhyQl,0.9852990913052359
001i000000NuRdY,0.003942116960021655
001i000000NuOpD,3.511751564639526e-05
001i000000NuQKu,0.003942116960021655
001i000000NuNVs,0.003942116960021655
001i000000NuRS3,0.012081069852887165
001i000000NuPqh,0.003942116960021655
001i000000NuPQ0,0.003942116960021655
001i000000NuRwu,0.003942116960021655
001i000000NuRJJ,0.012081069852887165
001i000000oks3P,0.012081069852887165
001i000000NuNUT,6.062996073125816e-05
001i000000NuOOe,3.733065660393525e-05
001i000000oks4k,0.012081069852887165
001i000000NuPah,0.003942116960021655
001i000000NuOjt,1.908238415040267e-05
001i000000NuNml,5.365777043721003e-05
001i000000NuQ3P,0.003942116960021655
001i000000NuQ6d,0.00011821400588542381
001i000000LhyVs,0.958341321296494
001i000000NuQFV,0.003942116960021655
001i000000NuOrr,0.003942116960021655
001i000000NuRs7,0.003942116960021655
001i000000NuPLl,0.003942116960021655
001i000000NuODT,4.758921278029593e-05
001i000000NuOkS,0.003942116960021655
001i000000oks3v,0.012081069852887165
001i000000NuRC4,0.010568907120940956
001i000000NuRIw,0.003942116960021655
001i000000NuQBy,0.003942116960021655
001i000000Li94Q,0.003942116960021655
001i000000LhyUE,0.9554506785971022
001i000000NuO01,0.000289558320094217
001i000000NuRln,0.003942116960021655
001i000000NuNze,0.00021713964728197233
001i000000NuPMq,0.003942116960021655
001i000000NuO3d,0.0001605161018823275
001i000000NuQt0,0.003942116960021655
001i000000Lhyc8,0.9713883150434129
001i000000NuO7E,0.0008851064321747053
001i000000NuOqA,6.062996073125816e-05
001i000000NuPkU,0.003942116960021655
001i000000NuNuI,0.0001313211907052803
001i000000NuPDX,1.908238415040267e-05
001i000000NuRUz,0.012081069852887165
001i000000NuPqE,0.003942116960021655
001i000000NuQ84,0.003942116960021655
001i000000NuR7Q,0.003942116960021655
001i000000NuO7e,0.0001605161018823275
001i000000NuQIn,0.0001605161018823275
001i000000NuPDO,4.950885728471185e-05
001i000000NuPPj,0.003942116960021655
001i000000NuPuw,0.003942116960021655
001i000000NuQPp,0.003942116960021655
001i000000NuNXe,1.0944550790132901e-05
001i000000NuQbr,0.003942116960021655
001i000000NuP7m,0.0013443910136642812
001i000000NuQWJ,0.003942116960021655
001i000000NuQwh,0.003942116960021655
001i000000NuQZT,0.003942116960021655
001i000000LhyQu,0.8628933932612088
001i000000NuPT6,0.003942116960021655
001i000000NuQ4w,0.003942116960021655
001i000000NuNvX,6.062996073125816e-05
001i000000NuQGS,0.003942116960021655
001i000000LhydV,0.9294442863172793
001i000000NuRsp,0.003942116960021655
001i000000NuOPA,6.062996073125816e-05
001i000000NuQyV,0.012081069852887165
001i000000NuOyr,0.0032987487440785603
001i000000NuRZP,0.003942116960021655
001i000000NuPNx,0.003942116960021655
001i000000NuR6u,0.06220468261960919
001i000000LhyYX,0.9159544944697025
001i000000NuOqH,0.1692344425141491
001i000000NuPIZ,3.733065660393525e-05
001i000000NuPbA,0.014853853778176824
001i000000NuRRK,0.012081069852887165
001i000000NuOO8,1.6353673100365153e-05
001i000000NuPCD,0.0001605161018823275
001i000000NuOVu,0.003942116960021655
001i000000NuQKA,0.003942116960021655
001i000000NuR3S,0.003942116960021655
001i000000NuOD4,7.980658939849486e-05
001i000000NuPxY,0.003942116960021655
001i000000NuNv2,6.062996073125816e-05
001i000000NuRw2,0.003942116960021655
001i000000NuNUB,0.030399333023475146
001i000000NuNf2,0.003942116960021655
001i000000NuQo8,0.012081069852887165
001i000000NuPdV,0.0041097252245218254
001i000000NuP93,0.0001605161018823275
001i000000NuRtU,0.003942116960021655
001i000000NuRif,0.003942116960021655
001i000000NuPyR,0.003942116960021655
001i000000NuOe1,5.1058787770193036e-05
001i000000NuRkj,0.003942116960021655
001i000000NuRA7,0.012081069852887165
001i000000NuPQg,4.730523598090976e-05
001i000000NuS0Q,0.003942116960021655
001i000000NuPAL,6.062996073125816e-05
001i000000NuQWt,0.00010874732558522437
001i000000NuPPQ,0.0001538701094972774
001i000000NuPPE,0.003942116960021655
001i000000NuQas,0.003942116960021655
001i000000NuQ5I,0.003942116960021655
001i000000NuRXR,0.003942116960021655
001i000000NuPuo,0.003942116960021655
001i000000NuNWI,1.602547047803285e-05
001i000000NuOMl,0.020785571375038978
001i000000NuPuD,0.048737272107903205
001i000000NuNea,6.0930568380147284e-05
001i000000NuNoA,5.777919355684727e-05
001i000000NuQeL,0.00603000121748734
001i000000NuPYU,0.003942116960021655
001i000000NuO7Y,2.3853517798596948e-05
001i000000NuQCX,0.003942116960021655
001i000000MJzas,0.003942116960021655
001i000000NuPrn,0.003942116960021655
001i000000haw61,0.003942116960021655
001i000000MJzZu,0.003942116960021655
001i000000NuRG3,0.003942116960021655
001i000000NuPfw,0.003942116960021655
001i000000NuNo8,3.733065660393525e-05
001i000000LhyWw,0.2594744090566688
001i000000NuP8c,6.062996073125816e-05
001i000000NuOv5,6.062996073125816e-05
001i000000NuRg9,0.003942116960021655
001i000000NuQPP,0.0015651195424702343
001i000000NuNwQ,0.11633599929713415
001i000000NuOjw,1.4735927836350079e-05
001i000000NuSqD,0.20289914985884702
001i000000NuPAg,2.0900664150197918e-05
001i000000Li94q,0.003942116960021655
001i000000NuOHU,1.6560123328215845e-05
001i000000NuRE7,0.003942116960021655
001i000000MJza2,0.003942116960021655
001i000000NuRON,0.04789455975256618
001i000000NuOB8,0.0001116613741836563
001i000000NuQjS,0.003942116960021655
001i000000NuOfM,0.003942116960021655
001i000000LhyQG,0.9855102819532501
001i000000NuNjk,0.003942116960021655
001i000000NuRNw,0.012081069852887165
001i000000NuNVJ,8.961614782316932e-06
001i000000LhyVL,0.6230064727141603
001i000000NuRcu,0.003942116960021655
001i000000MJzTc,0.003942116960021655
001i000000NuQh6,0.003942116960021655
001i000000NuNtt,0.01978498249327645
001i000000NuNZw,0.0007948543992646994
001i000000NuQxW,0.003942116960021655
001i000000NuOlO,6.913062489765368e-05
001i000000NuQ6v,7.480022243356513e-05
001i000000NuRbN,0.003942116960021655
001i000000LhyS8,0.9822568921655495
001i000000NuRSS,0.012081069852887165
001i000000NuQqn,0.003942116960021655
001i000000NuOWs,0.003942116960021655
001i000000NuROt,0.003942116960021655
001i000000NuQic,0.003942116960021655
001i000000em0vM,0.003942116960021655
001i000000NuRrX,0.003942116960021655
001i000000NuRtN,0.003942116960021655
001i000000oks1d,0.012081069852887165
001i000000NuRrG,0.003942116960021655
001i000000NuPNr,0.0018631077892967516
001i000000NuRPi,0.012081069852887165
001i000000NuQTX,0.003942116960021655
001i000000NuOWq,6.062996073125816e-05
001i000000LhyYz,0.9587879152588229
001i000000NuOrw,0.004514163373834551
001i000000NuOqL,3.733065660393525e-05
001i000000NuQwx,0.003942116960021655
001i000000NuOMw,5.7994665141065246e-05
001i000000NuPYN,0.003942116960021655
001i000000NuRnN,0.003942116960021655
001i000000Lhyd2,0.9830941505432
001i000000NuR6m,0.06220468261960919
001i000000NuNzp,6.99130693237936e-05
001i000000NuPXy,0.002116614487091045
001i000000NuRZF,0.003942116960021655
001i000000NuRUd,0.012081069852887165
001i000000NuRqO,0.003942116960021655
001i000000NuOKq,0.00015251260751669417
001i000000aSQuD,0.003942116960021655
001i000000NuNmR,5.021604237633975e-05
001i000000NuQPM,0.002307797719685726
001i000000NuRsQ,0.003942116960021655
001i000000NuPED,0.009838052086213935
001i000000NuNtI,4.461277732219884e-05
001i000000NuPOT,0.003942116960021655
001i000000LhyTI,0.9812320083802973
001i000000Lhycm,0.9627160228003339
001i000000NuNy4,0.0001556726107427108
001i000000MJzTq,0.003942116960021655
001i000000NuQXG,0.003942116960021655
001i000000NuP23,4.950885728471185e-05
001i000000NuQxM,0.003942116960021655
001i000000NuRy0,0.003942116960021655
001i000000NuOue,0.001202931283970079
001i000000NuOBY,3.111714792508151e-05
001i000000NuRaq,0.003942116960021655
001i000000NuQ5d,0.003942116960021655
001i000000NuPsp,0.003942116960021655
001i000000NuRc4,0.003942116960021655
001i000000em6vD,0.003942116960021655
001i000000NuPKF,0.003942116960021655
001i000000NuQj2,0.003942116960021655
001i000000NuRqD,0.003942116960021655
001i000000NuNYL,0.0001605161018823275
001i000000NuPcP,0.003942116960021655
001i000000NuP6S,0.00027531707001517684
001i000000NuNxw,0.00010160253086496542
001i000000Lhydc,0.9898075377202041
001i000000NuPuk,0.003942116960021655
001i000000NuPOA,0.003942116960021655
001i000000NuQii,0.012081069852887165
001i000000NuRyY,0.003942116960021655
001i000000NuRPR,0.003942116960021655
001i000000NuP5z,2.4080577955824373e-05
001i000000NuQqf,0.007993074136661353
001i000000NuPqa,0.003942116960021655
001i000000NuQQx,0.003942116960021655
001i000000NuNW4,0.0001349531639658412
001i000000NuQFG,0.003942116960021655
001i000000NuQv8,0.003942116960021655
001i000000NuO1Z,2.2672280519823996e-05
001i000000NuRCQ,0.003942116960021655
001i000000NuP4n,0.003942116960021655
001i000000NuRq1,0.003942116960021655
001i000000NuOsL,4.8855586710642945e-05
001i000000NuRbc,0.003942116960021655
001i000000NuO7i,0.0001349531639658412
001i000000NuO0x,0.0001349531639658412
001i000000em09q,0.046668803384845914
001i000000NuNgr,0.003942116960021655
001i000000NuRgo,0.003942116960021655
001i000000NuPyk,1.908238415040267e-05
001i000000NuQb7,0.003942116960021655
001i000000NuRue,0.003942116960021655
001i000000NuRh9,0.003942116960021655
001i000000NuOya,8.897190907483849e-05
001i000000NuOxM,4.9015786626603256e-05
001i000000NuQUN,0.09085524632091785
001i000000NuOr6,7.85169775563602e-05
001i000000NuQJ7,0.003942116960021655
001i000000NuNtO,0.0001267184934404693
001i000000NuNRj,0.003942116960021655
001i000000NuRbi,0.003942116960021655
001i000000NuR26,0.012081069852887165
001i000000NuNaF,0.003942116960021655
001i000000NuRXE,0.003942116960021655
001i000000NuRPB,0.003942116960021655
001i000000NuPH5,6.062996073125816e-05
001i000000NuRlW,0.003942116960021655
001i000000NuOM5,2.9982049874617567e-05
001i000000NuPDe,6.46384533371504e-05
001i000000NuOCZ,0.003942116960021655
001i000000NuREi,0.012081069852887165
001i000000NuRTV,0.012081069852887165
001i000000NuOWQ,3.733065660393525e-05
001i000000NuPJ4,6.062996073125816e-05
001i000000NuOLa,3.168989225538723e-05
001i000000NuOfK,4.72536459568843e-05
001i000000NuPs5,0.003942116960021655
001i000000LhyZf,0.955357207257195
001i000000NuQWK,0.003942116960021655
001i000000NuPO0,0.003942116960021655
001i000000NuPzy,0.002142549662287441
001i000000NuPKA,0.003942116960021655
001i000000NuPgF,5.5683341592554395e-05
001i000000NuPHz,0.003942116960021655
001i000000NuPRy,0.003942116960021655
001i000000em8wC,0.003942116960021655
001i000000NuRRP,0.04665664301101286
001i000000NuPAx,2.660975710621311e-05
001i000000NuRVP,0.012081069852887165
001i000000c29Oo,0.003942116960021655
001i000000NuRJt,0.012081069852887165
001i000000NuOY8,6.062996073125816e-05
001i000000NuOBD,8.496981067431176e-05
001i000000NuNcl,0.003942116960021655
001i000000NuQTH,0.003942116960021655
001i000000NuQiD,0.003942116960021655
001i000000NuRKS,0.012081069852887165
001i000000NuOtf,0.0019731616822708264
001i000000NuRcf,0.003942116960021655
001i000000NuRer,0.003942116960021655
001i000000NuQIe,0.003942116960021655
001i000000NuP4v,9.721844999770233e-06
001i000000NuQXd,0.0006985257413225867
001i000000oks4b,0.012081069852887165
001i000000NuQDB,0.003942116960021655
001i000000NuP3k,0.0002672942899191567
001i000000NuNkC,0.06632671152736022
001i000000NuPpG,0.005364525464758387
001i000000NuQBt,0.006837939621782939
001i000000NuR8d,0.003942116960021655
001i000000NuQMf,0.003942116960021655
001i000000NuQq1,0.003942116960021655
001i000000MKXgv,0.003942116960021655
001i000000NuOmq,0.003942116960021655
001i000000NuPw5,0.003942116960021655
001i000000NuOAI,0.0039853100705461945
001i000000NuQL6,0.003942116960021655
001i000000NuQdQ,0.003942116960021655
001i000000LhybN,0.9615099607602989
001i000000NuQS2,0.0051872264047865
001i000000NuONc,0.0002718604820982086
001i000000NuRmG,0.003942116960021655
001i000000NuPKV,0.0013194056305814773
001i000000NuOUt,6.062996073125816e-05
001i000000NuOAv,0.0026167103389021307
001i000000NuOFL,0.00026633714920813343
001i000000NuPyu,0.003942116960021655
001i000000NuOcW,3.2194033443861616e-05
001i000000NuOBP,0.0028608545457804962
001i000000NuPOs,0.003942116960021655
001i000000NuQbm,0.003942116960021655
001i000000NuPc4,0.003942116960021655
001i000000NuPVS,0.005895473064441906
001i000000NuOBc,4.4653429390978294e-05
001i000000NuRYJ,0.003942116960021655
001i000000NuPdv,0.003942116960021655
001i000000NuPXY,0.004510495242937154
001i000000aSCda,0.003942116960021655
001i000000NuO2k,9.795306920516526e-06
001i000000NuOuv,1.680263308259383e-05
001i000000Lhych,0.9100956434234376
001i000000Lhydq,0.5821105072704719
001i000000NuPlH,0.003942116960021655
001i000000NuOj7,0.02161179227333319
001i000000NuOHt,3.733065660393525e-05
001i000000NuOVc,3.7527102464261246e-05
001i000000NuPKy,0.003942116960021655
001i000000NuOi3,5.445059467430904e-05
001i000000NuQkZ,0.003942116960021655
001i000000NuRpN,0.003942116960021655
001i000000NuRkI,0.003942116960021655
001i000000NuPU3,0.0002857082614871916
001i000000NuPNH,0.002116614487091045
001i000000NuPHG,0.003942116960021655
001i000000NuP6W,6.062996073125816e-05
001i000000NuPak,0.003942116960021655
001i000000NuQLp,0.003942116960021655
001i000000NuNlQ,6.062996073125816e-05
001i000000NuPjW,0.003942116960021655
001i000000NuQjb,0.003942116960021655
001i000000N1vVr,0.003942116960021655
001i000000NuNhS,0.003942116960021655
001i000000NuOj0,5.902367967427992e-05
001i000000NuQ6c,0.0001605161018823275
001i000000NuOQ9,0.00015958169457419585
001i000000NuP5S,3.1083560229612864e-05
001i000000NuPCj,0.003553599625008765
001i000000NuPpk,0.003942116960021655
001i000000NuO8r,0.0019485931541688517
001i000000NuNtj,0.00012601516141932235
001i000000em8uG,0.003942116960021655
001i000000NuRoY,0.003942116960021655
001i000000Lhyau,0.9801230774451024
001i000000NuPBo,1.390409055569071e-05
001i000000NuPdy,0.003942116960021655
001i000000NuRAt,0.012081069852887165
001i000000NuPp5,0.003942116960021655
001i000000LhyXV,0.6545742212074479
001i000000NuOPj,0.007543406685859809
001i000000NuOy4,3.733065660393525e-05
001i000000NuPKi,0.003942116960021655
001i000000NuS6L,0.003942116960021655
001i000000NuQa9,0.003942116960021655
001i000000MJzW4,0.003942116960021655
001i000000NuRPJ,0.012081069852887165
001i000000NuP5C,3.874199777495422e-05
001i000000NuOtK,4.460623337986983e-05
001i000000NuODr,2.8587486535518707e-05
001i000000LhyQ6,0.9023179678572785
001i000000NuO9I,0.0001319514551624643
001i000000NuNWO,0.003942116960021655
001i000000NuPuL,0.003942116960021655
001i000000NuPGx,3.984396158097302e-05
001i000000NuOSD,0.0001605161018823275
001i000000LhyRt,0.9990145742905165
001i000000NuRnC,0.003942116960021655
001i000000NuO7A,0.0001605161018823275
001i000000NuR8g,0.00546292549334172
001i000000NuQD2,0.0024363216285509526
001i000000MJzZY,0.003942116960021655
001i000000NuQos,0.003942116960021655
001i000000NuR2v,0.003942116960021655
001i000000NuNbo,0.0001319514551624643
001i000000NuS1p,0.003942116960021655
001i000000MJzZd,0.003942116960021655
001i000000NuOrx,0.003942116960021655
001i000000NuRlv,0.003942116960021655
001i000000NuNwj,0.0019731616822708264
001i000000NuODY,6.062996073125816e-05
001i000000NuRSm,0.012081069852887165
001i000000NuQqO,0.003942116960021655
001i000000NuROS,0.003942116960021655
001i000000MJzYp,0.003942116960021655
001i000000NuPQW,0.003942116960021655
001i000000NuNo4,0.0001410922803953273
001i000000NuQBd,0.003942116960021655
001i000000NuPvs,0.003942116960021655
001i000000LhyU9,0.8035893595858394
001i000000NuRg7,0.003942116960021655
001i000000NuQO3,0.003942116960021655
001i000000NuP5X,0.003942116960021655
001i000000NuPO9,0.003942116960021655
001i000000NuNco,0.003942116960021655
001i000000NuQDz,0.003942116960021655
001i000000NuNl6,0.003942116960021655
001i000000NuPGV,0.0001605161018823275
001i000000NuPmG,0.003942116960021655
001i000000NuO5V,0.00024588747415840717
001i000000LhyaE,0.24414002493676812
001i000000NuPQH,0.003942116960021655
001i000000NuQYe,0.003942116960021655
001i000000NuOqo,1.908238415040267e-05
001i000000NuRJv,0.012081069852887165
001i000000NuQZE,0.003942116960021655
001i000000NuPjy,0.003942116960021655
001i000000aSAb5,0.003942116960021655
001i000000NuReP,0.003942116960021655
001i000000NuONe,0.0002718604820982086
001i000000NuORp,0.003942116960021655
001i000000NuOAx,0.005246527008038565
001i000000NuPWx,0.003942116960021655
001i000000NuNoW,6.321199437589371e-05
001i000000NuQLh,0.003942116960021655
001i000000c296j,0.003942116960021655
001i000000LhyVP,0.9882114569613849
001i000000NuOd0,1.750879555547461e-05
001i000000NuQCb,0.012571939285041479
001i000000NuRW3,0.04128439074369378
001i000000LhyUH,0.4958675122337653
001i000000NuNfa,0.003942116960021655
001i000000LhyZN,0.45459911315600454
001i000000NuNyd,9.847257007063503e-05
001i000000NuNiq,0.003942116960021655
001i000000NuO5B,7.798307501487693e-06
001i000000NuPKK,0.009838052086213935
001i000000NuPbd,0.004510495242937154
001i000000NuQlZ,0.003942116960021655
001i000000MJzWU,0.003942116960021655
001i000000Lhydy,0.9622237200107979
001i000000NuPRu,0.003942116960021655
001i000000NuNjv,0.012081069852887165
001i000000NuOaR,3.733065660393525e-05
001i000000LhyT8,0.8014973092093628
001i000000MJzTH,0.003942116960021655
001i000000NuPZn,0.003942116960021655
001i000000NuRD3,0.012081069852887165
001i000000NuQs2,0.003942116960021655
001i000000NuRVB,0.012081069852887165
001i000000NuNqz,0.00012601516141932235
001i000000NuRN9,0.012081069852887165
001i000000NuNyK,0.00014916111449766802
001i000000NuO3i,3.510745088781777e-05
001i000000NuP3f,0.00015958169457419585
001i000000NuQno,0.003942116960021655
001i000000NuOr3,0.003942116960021655
001i000000NuO3K,9.503629346338913e-06
001i000000NuOjK,0.004174589928744867
001i000000NuOLW,6.062996073125816e-05
001i000000NuPOH,0.003942116960021655
001i000000NuR4n,0.003942116960021655
001i000000NuOOX,6.062996073125816e-05
001i000000NuPES,6.561278607059961e-05
001i000000NuRDi,0.003942116960021655
001i000000NuRJE,0.012081069852887165
001i000000NuRX9,0.003942116960021655
001i000000NuPwc,0.003942116960021655
001i000000LhydG,0.8295624182185202
001i000000NuP6l,9.190332591185174e-05
001i000000NuQTK,0.003942116960021655
001i000000Lhyas,0.8896689114126115
001i000000NuPu3,0.003942116960021655
001i000000NuP9W,0.003942116960021655
001i000000MJzWG,0.003942116960021655
001i000000NuPta,0.003942116960021655
001i000000NuNav,0.0001119908682933189
001i000000NuRNa,0.003942116960021655
001i000000NuOxd,0.00025666675324754004
001i000000NuRoc,0.003942116960021655
001i000000NuOT8,3.7229851826532514e-05
001i000000NuQGI,0.003942116960021655
001i000000NuPGR,1.908238415040267e-05
001i000000NuOv4,3.733065660393525e-05
001i000000NuNso,0.00017288769485240488
001i000000NuP67,1.390409055569071e-05
001i000000NuO3r,0.0003130876467828932
001i000000NuNXT,0.012081069852887165
001i000000NuQsA,0.003942116960021655
001i000000NuQe0,0.003942116960021655
001i000000NuQHT,0.003942116960021655
001i000000NuR33,0.003942116960021655
001i000000NuRrA,0.003942116960021655
001i000000NuOh7,2.291012109022726e-05
001i000000NuNcB,5.520874867685493e-06
001i000000NuOka,0.001112163697350495
001i000000NuQ33,0.003942116960021655
001i000000NuPpU,0.021408342915511695
001i000000NuQG3,0.003942116960021655
001i000000NuQ2k,0.003942116960021655
001i000000NuPkg,0.003942116960021655
001i000000NuRg1,0.003942116960021655
001i000000NuR9F,0.003942116960021655
001i000000NuQZ4,0.003942116960021655
001i000000NuOVM,5.8029642534502976e-05
001i000000NuQRb,0.003942116960021655
001i000000NuONH,2.4798557911099777e-05
001i000000NuPMh,0.003942116960021655
001i000000NuP1t,0.0002857082614871916
001i000000NuQ8D,0.003942116960021655
001i000000NuOVp,6.062996073125816e-05
001i000000NuPyD,0.006463562621578803
001i000000NuQu4,0.003942116960021655
001i000000NuOuk,5.065680955749009e-05
001i000000NuO0Y,1.5187922242305919e-05
001i000000NuRef,0.003942116960021655
001i000000NuNbq,0.003942116960021655
001i000000NuRMI,0.012081069852887165
001i000000NuNuV,0.0001605161018823275
001i000000LhyTa,0.28386512511890155
001i000000N1vVf,0.003942116960021655
001i000000NuPgs,0.003942116960021655
001i000000NuPC1,0.003942116960021655
001i000000NuORK,0.10743440719023656
001i000000MJzV2,0.003942116960021655
001i000000MJzUH,0.003942116960021655
001i000000NuNS9,1.2885438069365979e-05
001i000000MJzZe,0.003942116960021655
001i000000NuNy2,0.003754573747758753
001i000000NuOV5,6.062996073125816e-05
001i000000NuQLr,0.003942116960021655
001i000000NuQPV,0.002307797719685726
001i000000NuRLS,0.012081069852887165
001i000000NuNhc,0.08986152059875903
001i000000LhyYh,0.40779674748602746
001i000000NuRa2,0.003942116960021655
001i000000NuOIF,0.00010369879953532008
001i000000NuOPU,0.0001605161018823275
001i000000NuQyT,0.012081069852887165
001i000000NuSow,0.026410532159749825
001i000000NuR37,0.003942116960021655
001i000000NuR7C,0.11454540795437776
001i000000NuNoq,7.980658939849486e-05
001i000000NuP5V,0.003942116960021655
001i000000NuOv9,0.0001605161018823275
001i000000NuQJy,0.003942116960021655
001i000000NuPyn,0.003942116960021655
001i000000slXqy,0.17527219242520017
001i000000NuR9t,0.003942116960021655
001i000000NuQXs,0.003942116960021655
001i000000P3RYp,0.003942116960021655
001i000000NuQtI,0.003942116960021655
001i000000NuR4U,0.003942116960021655
001i000000NuOPY,0.0001605161018823275
001i000000NuRyz,0.003942116960021655
001i000000NuPZD,2.2329620402105424e-05
001i000000NuQcH,0.003942116960021655
001i000000NuQl6,0.003942116960021655
001i000000NuOEd,1.445705146431396e-05
001i000000NuS8K,0.003942116960021655
001i000000NuQs9,0.003942116960021655
001i0000017bU6I,0.003942116960021655
001i000000NuRXC,0.003942116960021655
001i000000NuRin,0.003942116960021655
001i000000NuR5c,0.003942116960021655
001i000000NuOcA,0.011870154792252376
001i000000MKXh9,0.003942116960021655
001i000000NuOSR,0.0004770861030673399
001i000000MJzaz,0.003942116960021655
001i000000LhybT,0.912765600369515
001i000000NuRG8,0.012081069852887165
001i000000MJzWu,0.003942116960021655
001i000000NuPIr,0.0013443910136642812
001i000000LhyPG,0.9687767070152784
001i000000NuPiZ,0.003942116960021655
001i000000NuPZA,0.001349124106217912
001i000000NuRRO,0.003942116960021655
001i000000MJzY7,0.003942116960021655
001i000000NuRXv,0.003942116960021655
001i000000NuO5x,0.0001267184934404693
001i000000NuNkH,0.003942116960021655
001i000000NuPoa,0.003942116960021655
001i000000NuQLk,0.003942116960021655
001i000000NuRat,0.003942116960021655
001i000000NuRR1,0.010568907120940956
001i000000NuOkV,3.236812782854717e-05
001i000000ZuXlS,0.003942116960021655
001i000000NuPbc,0.007109918191598345
001i000000NuQ7w,0.003942116960021655
001i000000NuQp2,0.003942116960021655
001i000000NuNgW,0.003942116960021655
001i000000NuRXA,0.003942116960021655
001i000000NuQHC,0.003942116960021655
001i0000017AZ6N,0.003942116960021655
001i000000NuQ24,0.003942116960021655
001i000000NuNmK,6.450060493704782e-05
001i000000NuR2Z,0.003942116960021655
001i000000NuPIO,0.003942116960021655
001i000000NuOx6,4.433291485564398e-05
001i000000MJzYf,0.003942116960021655
001i000000NuPwb,0.003942116960021655
001i000000NuRbb,0.003942116960021655
001i000000NuPBg,0.04725139324803442
001i000000NuQJX,0.003942116960021655
001i000000LhycZ,0.9914274103889933
001i000000NuRVx,0.003942116960021655
001i000000NuOyA,0.003942116960021655
001i000000Y0Lnj,0.004881878111736873
001i000000LhySt,0.988958859306935
001i000000MJzXr,0.003942116960021655
001i000000NuOaL,3.356012643835265e-05
001i000000NuQgA,0.003942116960021655
001i000000NuNtg,3.045408469017461e-05
001i000000NuR5V,0.003942116960021655
001i000000NuO6b,6.062996073125816e-05
001i000000MJzUY,0.003942116960021655
001i000000NuOnC,4.846330272444137e-05
001i000000NuRLN,0.012081069852887165
001i000000NuQRa,0.003942116960021655
001i000000NuPUK,3.733065660393525e-05
001i000000NuOsQ,4.8982010642128915e-05
001i000000NuPQu,0.003942116960021655
001i000000NuRha,0.003942116960021655
001i000000NuOga,6.062996073125816e-05
001i000000NuRgP,0.003942116960021655
001i000000NuRVZ,0.003942116960021655
001i000000NuRs0,0.003942116960021655
001i000000NuNd8,0.003942116960021655
001i000000NuOWZ,2.933306945763753e-05
001i000000NuQ2w,0.0030503409852226646
001i000000NuQRU,0.003942116960021655
001i000000NuO1n,0.001202931283970079
001i000000LhycV,0.9940331782988093
001i000000NuQCQ,0.003942116960021655
001i000000NuRTj,0.012081069852887165
001i000000NuNzI,7.26171270157134e-05
001i000000NuRdJ,0.003942116960021655
001i000000NuQUg,0.010568907120940956
001i000000NuOEc,6.062996073125816e-05
001i000000NuRHq,0.003942116960021655
001i000000NuPQV,1.908238415040267e-05
001i000000NuQWe,0.006907369152064186
001i000000NuOqc,0.006121886116131379
001i000000NuPtl,0.011054643012089357
001i000000NuQX9,0.003942116960021655
001i000000NuO93,0.0002329045941013242
001i000000NuO8Y,1.908238415040267e-05
001i000000LhyY2,0.2594744090566688
001i000000NuPUI,6.062996073125816e-05
001i000000NuQTG,0.003942116960021655
001i000000LiKyi,0.003942116960021655
001i000000NuQb2,0.003942116960021655
001i000000NuPvb,0.003942116960021655
001i000000NuP7v,0.0009606278880748055
001i000000NuP4k,1.908238415040267e-05
001i000000LhycG,0.9246389803758515
001i000000NuP7n,0.001754347821638306
001i000000NuP9D,0.010394072804645592
001i000000NuOKr,6.062996073125816e-05
001i000000NuQRI,0.003942116960021655
001i000000LhyW3,0.42544311316555133
001i000000q7wAW,0.012081069852887165
001i000000NuOgA,6.292824330442785e-05
001i000000NuRNW,0.012081069852887165
001i000000NuO04,3.692225922434234e-05
001i000000NuOKB,3.021706637209262e-05
001i000000NuRr0,0.003942116960021655
001i000000NuQYk,0.003942116960021655
001i000000LhybK,0.8640430442766822
001i000000NuPe3,0.003942116960021655
001i000000NuQ9L,0.003942116960021655
001i000000MKXgf,0.003942116960021655
001i000000NuOot,3.733065660393525e-05
001i000000NuOc9,0.005359400477558583
001i000000NuS6N,0.003942116960021655
001i000000NuOp9,4.351902672287443e-05
001i000000NuOaY,6.062996073125816e-05
001i000000NuOCp,0.003942116960021655
001i000000NuQob,0.003942116960021655
001i000000NuO1b,0.00032096658537146376
001i000000NuS3W,0.003942116960021655
001i000000NuPqc,0.003942116960021655
001i000000NuR1F,0.012081069852887165
001i000000NuNpA,0.003107813607739034
001i000000NuQ4y,0.003942116960021655
001i000000NuPmM,0.003942116960021655
001i000000NuRYF,0.003942116960021655
001i000000NuOpS,2.7855829648915493e-05
001i000000NuPK2,0.003942116960021655
001i000000NuPnF,0.006117155457247545
001i000000NuQUT,0.003942116960021655
001i000000LhyQ3,0.9094695525975791
001i000000NuRlA,0.003942116960021655
001i000000NuPVx,0.002116614487091045
001i000000NuPnA,0.03759855011434892
001i000000Lhya0,0.943218291013792
001i000000NuNbJ,0.00017374390723285074
001i000000NuR5J,0.002357366553751384
001i000000NuNdM,0.003942116960021655
001i000000NuOGo,0.00013269072589656395
001i000000NuOMj,0.013353556081681366
001i000000NuG9K,0.003942116960021655
001i000000NuR6s,0.01621626122600413
001i000000NuORV,3.733065660393525e-05
001i000000NuQlQ,0.003942116960021655
001i000000NuQQP,0.003942116960021655
001i000000NuRHt,0.003942116960021655
001i000000NuOeB,1.908238415040267e-05
001i000000LhyPm,0.9826282639775767
001i000000NuOyh,0.003942116960021655
001i000000NuRDd,0.012081069852887165
001i000000NuRKR,0.003942116960021655
001i000000NuQsb,0.09472824440338343
001i000000NuPE8,0.001202931283970079
001i000000NuRMB,0.003942116960021655
001i000000NuPku,0.003942116960021655
001i000000oks33,0.012081069852887165
001i000000NuOUR,0.0001605161018823275
001i000000NuRU1,0.012081069852887165
001i000000NuQkY,0.003942116960021655
001i000000NuQTt,0.003942116960021655
001i000000NuQw1,0.003942116960021655
001i000000NuRmU,0.003942116960021655
001i000000em8pV,0.003942116960021655
001i000000NuOtH,0.0028674003980476547
001i000000NuO1W,1.2045930000763906e-06
001i000000NuR3G,0.003942116960021655
001i000000NuQ7S,0.003942116960021655
001i000000NuRMC,0.012081069852887165
001i000000NuO0p,8.814184560370968e-05
001i000000NuQGn,0.003942116960021655
001i000000NuPsn,0.003942116960021655
001i000000NuOS1,4.470123858109149e-05
001i000000NuPyA,5.7837195784772416e-05
001i000000NuO7p,7.26171270157134e-05
001i000000LhyS7,0.9730280909024046
001i000000NuNne,0.00041068276699598305
001i000000NuO5O,4.55992774684005e-05
001i000000NuPHX,0.003942116960021655
001i000000NuRfe,0.003942116960021655
001i000000NuRk2,0.003942116960021655
001i000000MJza5,0.003942116960021655
001i000000NuR8R,0.032138407415635326
001i000000NuRWN,0.003942116960021655
001i000000NuPZc,0.003942116960021655
001i000000NuQsx,0.012081069852887165
001i000000NuRpf,0.003942116960021655
001i000000NuS0j,0.003942116960021655
001i000000NuQBo,0.003942116960021655
001i000000oks47,0.012081069852887165
001i000000Li961,0.003942116960021655
001i000000NuOGR,0.003942116960021655
001i000000NuQS8,0.00021764016335749204
001i000000NuROJ,0.003942116960021655
001i000000NuQlv,0.003942116960021655
001i000000NuQWS,0.003942116960021655
001i000000MJzTy,0.003942116960021655
001i000000NuPLv,0.003942116960021655
001i000000NuQNH,0.003942116960021655
001i000000NuPtB,0.003942116960021655
001i000000LhyVo,0.4239185538237915
001i000000NuOQW,3.733065660393525e-05
001i000000NuNzt,0.0001267184934404693
001i000000NuNns,0.0001417640352522146
001i000000NuNaq,0.003942116960021655
001i000000NuP32,0.00011810735064392336
001i000000NuQnZ,0.003942116960021655
001i000000NuQdf,0.003942116960021655
001i000000NuQmQ,0.003942116960021655
001i000000MJzWO,0.003942116960021655
001i000000NuQLU,0.003942116960021655
001i000000NuP79,1.908238415040267e-05
001i000000NuNVX,8.177699879947128e-05
001i000000NuNqx,7.378815136211958e-05
001i000000NuQZq,0.09808524847145186
001i000000Lhydp,0.9399578745556382
001i000000MKXgh,0.003942116960021655
001i000000cEtsj,0.04329638645913061
001i000000LhyZS,0.5092856846441377
001i000000NuPGi,0.00025950964769750435
001i000000NuO4H,0.00010160253086496542
001i000000oks1h,0.012081069852887165
001i000000NuNYb,0.0008131048434974428
001i000000NuOwn,4.2010933300915344e-05
001i000000NuQkj,0.003942116960021655
001i000000NuQoO,0.003942116960021655
001i000000NuOaf,5.877339325804221e-05
001i000000NuQmn,0.003942116960021655
001i000000NuP68,6.062996073125816e-05
001i000000NuPr9,0.003942116960021655
001i000000NuPPv,0.003942116960021655
001i000000NuOrd,6.062996073125816e-05
001i000000NuPyB,1.908238415040267e-05
001i000000NuQDp,0.003942116960021655
001i000000NuPAs,2.7855829648915493e-05
001i000000NuQek,0.06944035656600976
001i000000NuNoC,0.00018013706655215476
001i000000NuPTd,0.0001605161018823275
001i000000NuPni,0.003942116960021655
001i000000MJzUd,0.003942116960021655
001i000000NuRVF,0.2534467871814911
001i000000NuOh5,2.5432571715661964e-05
001i000000NuNe3,0.003942116960021655
001i000000NuO0F,3.5528545837682856e-05
001i000000NuPPl,0.003942116960021655
001i000000NuRYW,0.003942116960021655
001i000000NuS98,0.003942116960021655
001i000000NuOmI,0.003942116960021655
001i000000LhyZR,0.4809589136401202
001i000000NuOCq,0.9145942554359234
001i000000NuPoq,8.599851540342724e-05
001i000000NuODE,4.950885728471185e-05
001i000000oks40,0.012081069852887165
001i000000NuNj2,0.003942116960021655
001i000000NuOAa,3.2282535806410274e-05
001i000000NuPfB,1.908238415040267e-05
001i000000MJzWJ,0.003942116960021655
001i000000NuRSM,0.012081069852887165
001i000000NuQQz,0.003942116960021655
001i000000NuQar,0.003942116960021655
001i000000LhySA,0.9926202296008348
001i000000NuRl8,0.003942116960021655
001i000000NuOI0,5.287628666285443e-05
001i000000NuOLx,8.753079125042741e-05
001i000000elapN,0.16810502275508188
001i000000NuOJm,3.368788522925557e-05
001i000000NuOVA,0.7638538881197425
001i000000NuNt3,7.283371735845638e-06
001i000000NuS0S,0.003942116960021655
001i000000NuPPR,0.003942116960021655
001i000000NuNpN,8.205469114548615e-05
001i000000NuP9O,3.733065660393525e-05
001i000000NuO0T,0.0001349531639658412
001i000000NuOLy,4.950885728471185e-05
001i000000NuOz8,0.0001605161018823275
001i000000NuPLh,0.003942116960021655
001i000000elRdp,0.02654934040512833
001i000000NuRCl,0.012081069852887165
001i000000NuPUo,0.0316987903930995
001i000000NuOFa,0.00022146581867785585
001i000000NuPai,1.908238415040267e-05
001i000000NuPyT,0.003942116960021655
001i000000NuRhj,0.003942116960021655
001i000000NuQhl,0.003942116960021655
001i000000NuREO,0.003942116960021655
001i000000NuNtq,4.21393571398045e-05
001i000000LhyTr,0.9954536981485081
001i000000NuOEK,7.071594909940735e-06
001i000000NuOee,6.199101993714491e-05
001i000000NuR9v,0.003942116960021655
001i000000NuOiR,6.062996073125816e-05
001i000000NuRF4,0.012081069852887165
001i000000NuOOT,0.0001605161018823275
001i000000NuOUS,0.00025950964769750435
001i000000NuRKu,0.012081069852887165
001i000000NuPiT,0.0014987187891341625
001i000000NuOPE,0.00282225709192799
001i000000NuR0z,0.003942116960021655
001i000000oks3I,0.012081069852887165
001i000000NuOK4,4.950885728471185e-05
001i000000NuQLS,0.003942116960021655
001i000000LhyQq,0.9791453476876156
001i000000NuRQe,0.003942116960021655
001i000000NuR1G,0.003942116960021655
001i000000NuQlI,0.003942116960021655
001i000000NuQHA,0.003942116960021655
001i000000NuRcV,0.003942116960021655
001i000000NuRam,0.003942116960021655
001i000000NuP2M,5.1300354239494224e-05
001i000000c1okK,0.003942116960021655
001i000000NuO17,0.4612300362609861
001i000000NuQ1B,0.003942116960021655
001i000000NuPvd,0.003942116960021655
001i000000NuQyD,0.003942116960021655
001i000000NuO42,5.33144533717323e-05
001i000000NuPkX,0.003942116960021655
001i000000NuP1V,6.062996073125816e-05
001i000000NuNoe,0.0004208356550961792
001i000000NuOgR,0.0001048735692051559
001i000000NuONo,0.003942116960021655
001i000000NuRGm,0.012081069852887165
001i000000NuQKU,0.03849186035888203
001i000000Nu8bK,0.003942116960021655
001i000000NuPml,0.003942116960021655
001i000000oks4H,0.012081069852887165
001i000000NuNuk,7.26171270157134e-05
001i000000NuOYO,3.733065660393525e-05
001i000000NuQOK,0.003942116960021655
001i000000NuPPA,0.003942116960021655
001i000000NuO8d,0.00012073771449240892
001i000000NuRq0,0.003942116960021655
001i000000MKXgY,0.003942116960021655
001i000000q7wAs,0.012081069852887165
001i000000NuR34,0.003942116960021655
001i000000NuQur,0.003942116960021655
001i000000NuP96,6.062996073125816e-05
001i000000NuONd,0.0003939151436876926
001i000000NuNOz,0.003942116960021655
001i000000NuR27,0.003942116960021655
001i000000NuQ7Z,0.003942116960021655
001i000000NuO1z,0.0004928632111598746
001i000000NuPiB,0.0016514742817597054
001i000000NuPIz,0.0007456227995607569
001i000000LhySl,0.9345758544849064
001i000000oks1P,0.012081069852887165
001i000000NuQPc,0.00015958169457419585
001i000000NuPh7,1.908238415040267e-05
001i000000NuO2g,1.018394760174933e-05
001i000000NuQQW,0.003942116960021655
001i000000NuOhT,9.02817105451881e-05
001i000000NuQSg,0.003942116960021655
001i000000LhyQQ,0.9756826446222449
001i000000NuRcr,0.003942116960021655
001i000000Lhycw,6.062996073125816e-05
001i000000NuOOn,0.012081069852887165
001i000000NuP4s,0.001202931283970079
001i000000NuRhF,0.003942116960021655
001i000000LhyaU,0.9802125629676564
001i000000NuNzB,0.001005262421145486
001i000000NuRJy,0.003942116960021655
001i000000NuRWE,0.012081069852887165
001i000000NuQCK,0.003942116960021655
001i000000NuRjH,0.003942116960021655
001i000000NuOd4,0.003942116960021655
001i000000NuQoW,0.012081069852887165
001i000000NuQcF,0.003942116960021655
001i000000NuPsL,0.003942116960021655
001i000000NuNaB,0.003942116960021655
001i000000NuP6D,1.5761667710851745e-05
001i000000LhyPg,0.9979003961087874
001i000000NuPR5,0.003942116960021655
001i000000NuNxd,0.0001313211907052803
001i000000NuPvF,0.003942116960021655
001i000000NuOOD,0.003942116960021655
001i000000NuRQc,0.012081069852887165
001i000000NuRUP,0.012081069852887165
001i000000NuNjA,0.003942116960021655
001i000000NuQiu,0.003942116960021655
001i000000NuQlh,0.003942116960021655
001i000000MJzYI,0.003942116960021655
001i000000NuQrT,0.003942116960021655
001i000000NuQ25,0.003942116960021655
001i000000NuO09,0.00019498518195994058
001i000000MJzTf,0.003942116960021655
001i000000NuNR0,0.003942116960021655
001i000000NuPqJ,0.003942116960021655
001i000000NuQov,0.048737272107903205
001i000000NuNbY,0.00020377179483545453
001i000000NuPm3,0.003942116960021655
001i000000NuR29,0.012081069852887165
001i000000NuNex,0.000245862041739292
001i000000NuNg6,0.0009120937524287845
001i000000NuRWC,0.012081069852887165
001i000000NuPG0,0.0016635862483939173
001i000000NuOlG,0.001998578455904706
001i000000NuRgs,0.003942116960021655
001i000000NuPtO,0.003942116960021655
001i000000NuQ7p,0.012081069852887165
001i000000NuPq3,0.003942116960021655
001i000000NuO4N,0.00020377179483545453
001i000000NuNjp,0.003942116960021655
001i000000NuQQf,0.003942116960021655
001i000000NuOEE,4.950885728471185e-05
001i000000NuR42,0.003942116960021655
001i000000N1vVP,0.003942116960021655
001i000000NuQn9,0.003942116960021655
001i000000NuNvP,0.0001605161018823275
001i000000NuNdv,0.006326331008668172
001i000000NuNy1,0.00011821400588542381
001i000000NuOup,0.05189623689287498
001i000000NuOke,7.483724484305516e-05
001i000000NuS1O,0.003942116960021655
001i000000NuOxg,0.003942116960021655
001i000000NuQcr,0.018991326453692243
001i000000NuRpd,0.003942116960021655
001i000000q7wAy,0.012081069852887165
001i000000NuOqV,6.062996073125816e-05
001i000000NuQXj,6.062996073125816e-05
001i000000NuQ02,0.001011789037686869
001i000000NuP6N,4.351902672287443e-05
001i000000NuPAZ,6.062996073125816e-05
001i000000NuOQP,0.012081069852887165
001i000000NuRmQ,0.003942116960021655
001i000000NuPrX,1.908238415040267e-05
001i000000NuOm7,6.062996073125816e-05
001i000000NuRcB,0.003942116960021655
001i000000NuS7O,0.003942116960021655
001i000000NuSpT,0.006958491920105271
001i000000LhySk,0.9994090043213648
001i000000NuQid,0.003942116960021655
001i000000NuQ2H,0.003942116960021655
001i000000NuQYO,0.003942116960021655
001i000000NuPZu,0.003942116960021655
001i000000NuPx5,0.003942116960021655
001i000000NuRii,0.003942116960021655
001i000000NuOOQ,2.421244250039429e-05
001i000000NuNVq,0.003942116960021655
001i000000Lhybm,0.9820325028623802
001i000000LhyQY,0.9829398892334729
001i000000NuS5X,0.003942116960021655
001i000000NuQWm,0.05305524757101543
001i000000NuOBf,0.00035698595100658125
001i000000NuOFA,4.903901045822465e-05
001i000000NuNr2,0.00021713964728197233
001i000000NuPBs,0.003942116960021655
001i000000NuQP7,0.003942116960021655
001i000000NuR22,0.003942116960021655
001i000000NuQ7v,0.003942116960021655
001i000000NuOiP,3.733065660393525e-05
001i000000NuQ67,0.003942116960021655
001i000000NuNWg,0.00015006869119185614
001i000000NuQ97,0.003942116960021655
001i000000Lhydu,0.7193957649822879
001i000000NuNys,0.000672168799669758
001i000000NuOlD,0.001112163697350495
001i000000NuRgg,0.003942116960021655
001i000000bUKYA,0.003942116960021655
001i000000MKXh3,0.003942116960021655
001i000000NuNcg,0.003942116960021655
001i000000NuPWn,0.003942116960021655
001i000000NuRfB,0.003942116960021655
001i000000NuNjb,0.003942116960021655
001i000000NuRdm,0.003942116960021655
001i000000NuOXi,0.003942116960021655
001i000000MJzaT,0.003942116960021655
001i000000NuPdi,0.003942116960021655
001i000000NuQGh,0.003942116960021655
001i000000NuOFC,0.00012462595986771266
001i000000NuQzy,0.003942116960021655
001i000000NuRHO,0.003942116960021655
001i000000NuRY7,0.003942116960021655
001i000000NuQVC,0.003942116960021655
001i000000NuPzb,0.003942116960021655
001i000000NuPiH,0.03484544559730961
001i000000NuQke,0.003942116960021655
001i000000NuOTg,1.908238415040267e-05
001i000000oks4K,0.012081069852887165
001i000000NuQig,0.012081069852887165
001i000000NuPVp,0.002116614487091045
001i000000Li95W,0.003942116960021655
001i000000NuS0d,0.003942116960021655
001i000000NuR9A,0.003942116960021655
001i000000NuQ6R,0.021408342915511695
001i000000NuRJw,0.012081069852887165
001i000000em8yI,0.003942116960021655
001i000000NuNt0,0.0003486001405216359
001i000000NuR81,0.007993074136661353
001i000000NuONY,0.00030879296978902557
001i000000NuS3H,0.003942116960021655
001i000000NuPQn,0.003942116960021655
001i000000NuOZo,4.426449284868322e-05
001i000000NuPv5,0.003942116960021655
001i000000NuPLr,0.002116614487091045
001i000000LhyYL,0.9974600630722791
001i000000MJzWF,0.003942116960021655
001i0000017bRZD,0.003942116960021655
001i000000NuO1X,0.0036514690012810877
001i000000NuRCx,0.012081069852887165
001i000000NuNkB,0.016243260511309414
001i000000NuPRT,0.003942116960021655
001i000000NuPAI,0.003942116960021655
001i000000NuOug,6.062996073125816e-05
001i000000NuOym,0.003942116960021655
001i000000NuNyt,0.00013187172274964614
001i000000NuPXs,0.003942116960021655
001i000000NuRis,0.003942116960021655
001i000000LhyXK,0.9972397839838082
001i000000NuRjB,0.003942116960021655
001i000000NuO3G,3.168989225538723e-05
001i000000NuO7h,9.123508596646461e-05
001i000000NuO1V,3.893573256429547e-05
001i000000NuRY3,0.003942116960021655
001i000000NuOmz,0.003942116960021655
001i000000NuNla,0.003942116960021655
001i000000NuO72,0.00016703320527635174
001i000000aUDjp,0.003942116960021655
001i000000NuQF3,0.003942116960021655
001i000000NuQ6D,0.003942116960021655
001i000000NuNsU,4.4388004036131464e-05
001i000000NuNi7,0.003942116960021655
001i000000NuRtv,0.003942116960021655
001i000000NuRKJ,0.003942116960021655
001i000000NuOLb,2.310466533369208e-05
001i000000NuR9m,0.003942116960021655
001i000000NuQ1j,0.003942116960021655
001i000000NuR4L,0.003942116960021655
001i000000NuOqu,0.001998578455904706
001i000000NuSoS,0.014002996736465413
001i000000NuQ27,0.003942116960021655
001i000000NuQ6M,0.003942116960021655
001i000000NuRUD,0.012081069852887165
001i000000NuNar,0.00017374390723285074
001i000000NuRMX,0.04831066686361314
001i000000NuNuy,0.0001605161018823275
001i000000NuRb0,0.003942116960021655
001i000000NuPeg,0.003942116960021655
001i000000NuPAA,8.596483011197534e-05
001i000000NuPhl,0.0013773087154590991
001i000000NuROG,0.012081069852887165
001i000000LhyR8,0.9979162031264021
001i000000NuR3V,0.003942116960021655
001i000000NuQye,0.003942116960021655
001i000000NuRC7,0.003942116960021655
001i000000NuPAQ,9.690363729179617e-06
001i000000NuNVc,0.0014836236033685787
001i000000NuQUc,0.003942116960021655
001i000000NuQEa,0.004677627730559947
001i000000oks4g,0.012081069852887165
001i000000NuQQT,0.003942116960021655
001i000000NuPHD,0.0001605161018823275
001i000000NuOZT,5.2956653012072034e-05
001i000000NuQOM,0.003942116960021655
001i000000NuRsV,0.003942116960021655
001i000000NuPFa,0.0001605161018823275
001i000000NuOci,0.0021223978140874236
001i000000NuNyc,1.3153978670053356e-05
001i000000NuQmJ,0.003942116960021655
001i000000NuQ4d,0.003942116960021655
001i000000NuNYA,0.003942116960021655
001i000000NuQNF,0.003942116960021655
001i000000NuOH6,2.3131251967226783e-05
001i000000NuOgC,0.003942116960021655
001i000000NuRXj,0.003942116960021655
001i000000NuNuw,0.00014653435055556155
001i000000cESU8,0.003942116960021655
001i000000Lhybt,0.9572103418910499
001i000000NuRk8,0.003942116960021655
001i000000NuQ5w,0.003942116960021655
001i000000NuNjj,0.003942116960021655
001i000000NuPOZ,1.908238415040267e-05
001i000000NuR90,0.012081069852887165
001i000000NuPp3,3.733065660393525e-05
001i000000NuPnB,0.003942116960021655
001i000000NuRXt,0.003942116960021655
001i000000NuS5q,0.003942116960021655
001i000000NuOBo,3.2384421472004555e-05
001i000000NuRgS,0.003942116960021655
001i000000NuPge,0.003942116960021655
001i000000NuQAn,0.003942116960021655
001i000000MJzX1,0.003942116960021655
001i000000NuRSp,0.003942116960021655
001i000000NuS6y,0.003942116960021655
001i000000NuNuS,0.00029148599892817116
001i000000LhyXS,0.9355272341373774
001i000000oks2J,0.012081069852887165
001i000000NuOVN,0.003942116960021655
001i000000NuRPH,0.012081069852887165
001i000000NuOqB,6.062996073125816e-05
001i000000NuNxH,0.21019179342153244
001i000000NuNXf,0.0001605161018823275
001i000000NuR5j,0.003942116960021655
001i000000NuOgr,3.733065660393525e-05
001i000000NuRps,0.003942116960021655
001i000000NuRkg,0.003942116960021655
001i000000oks3t,0.012081069852887165
001i000000NuPOF,0.003942116960021655
001i000000NuPQM,0.003942116960021655
001i000000NuPhW,0.0016514742817597054
001i000000NuP5t,2.2826331771069745e-05
001i000000NuQIv,0.003942116960021655
001i000000NuRaz,0.003942116960021655
001i000000NuOTq,0.0003427527511413678
001i000000NuR0J,0.012081069852887165
001i000000NuO1B,5.05018855925946e-05
001i000000NuRa5,0.003942116960021655
001i000000NuPBO,0.00010667942267417153
001i000000NuNvD,3.733065660393525e-05
001i000000NuRyH,0.003942116960021655
001i000000NuNzs,0.0001451709343975811
001i000000NuRcX,0.003942116960021655
001i000000NuRqP,0.003942116960021655
001i000000NuNqo,2.7855829648915493e-05
001i000000NuQa6,0.003942116960021655
001i000000NuNgf,0.003942116960021655
001i000000NuRTI,0.9049194962829166
001i000000NuQvy,0.003942116960021655
001i000000NuNZ7,5.886802496060347e-05
001i000000NuNvF,0.018892264545700335
001i000000NuQe6,0.003942116960021655
001i000000NuPyO,0.012081069852887165
001i000000NuPMS,0.01856820600874166
001i000000NuOyT,0.012081069852887165
001i000000NuQ5D,0.003942116960021655
001i000000NuS0w,0.003942116960021655
001i000000Li95u,0.003942116960021655
001i000000NuQca,0.003942116960021655
001i000000Lhyaa,0.9182374874978082
001i000000NuRFH,0.012081069852887165
001i000000NuSA1,0.003942116960021655
001i000000NuRCP,0.003942116960021655
001i000000NuPxc,1.908238415040267e-05
001i000000Lhyc0,0.6255553104586065
001i000000NuQ3G,0.003942116960021655
001i000000NuNsH,5.384819776309146e-05
001i000000NuPvg,0.003942116960021655
001i000000NuQxc,0.003942116960021655
001i000000NuPo1,0.003942116960021655
001i000000NuPDs,2.6600332245615297e-05
001i000000NuNwC,0.00669020605297459
001i000000NuQpL,0.003942116960021655
001i000000NuOzR,4.68474708347757e-05
001i000000NuPjn,0.003942116960021655
001i000000NuQmD,0.003942116960021655
001i000000NuNtw,0.002070008336889419
001i000000NuQq7,0.003942116960021655
001i000000LhyUt,0.9153796448294926
001i000000Li94v,0.003942116960021655
001i000000NuRR3,0.012081069852887165
001i000000NuPHd,0.0001605161018823275
001i000000NuQzq,0.003942116960021655
001i000000NuPw3,0.003942116960021655
001i000000NuQCl,0.003942116960021655
001i000000NuPJV,0.003942116960021655
001i000000NuQMZ,0.003942116960021655
001i000000NuOTG,0.00025950964769750435
001i000000NuP57,1.908238415040267e-05
001i000000NuPDw,0.0013773087154590991
001i000000NuNot,2.7855829648915493e-05
001i000000NuNz2,0.003942116960021655
001i000000NuRhV,0.003942116960021655
001i000000oks15,0.012081069852887165
001i000000NuRyC,0.003942116960021655
001i000000NuRe5,0.003942116960021655
001i000000NuR35,0.003942116960021655
001i000000NuPTh,0.0012168765092665694
001i000000NuQd9,0.003942116960021655
001i000000NuOgq,5.935139779735089e-05
001i000000NuOnQ,0.003942116960021655
001i000000MJzXx,0.003942116960021655
001i000000NuOqW,0.0008005480497794254
001i000000NuQby,0.003942116960021655
001i000000NuOrN,0.1138084189941721
001i000000NuPaR,0.003942116960021655
001i000000NuP1E,3.692225922434234e-05
001i000000NuQme,0.003942116960021655
001i000000NuONV,4.791480205840383e-05
001i000000NuRg4,0.003942116960021655
001i000000MJzVT,0.003942116960021655
001i000000Lhydh,0.9091334698991231
001i000000NuPVz,0.0016635862483939173
001i000000LhyTd,0.9724993155872005
001i000000ZtSFb,0.003942116960021655
001i000000NuQpD,0.003942116960021655
001i000000NuOET,2.052601570776346e-05
001i000000NuNbK,0.003942116960021655
001i000000NuNiw,0.003942116960021655
001i000000NuQyL,0.012081069852887165
001i000000NuPfK,3.733065660393525e-05
001i000000NuQTq,0.003942116960021655
001i000000NuSpg,0.003942116960021655
001i000000Li95k,0.003942116960021655
001i000000NuPHN,0.003942116960021655
001i000000NuOSu,0.003942116960021655
001i000000NuNYc,0.003942116960021655
001i000000NuQAb,0.003942116960021655
001i000000NuPNe,0.00015856027861859068
001i000000NuPPi,0.021619118428726516
001i000000P5kd2,0.32746434055910634
001i000000NuQfm,0.003942116960021655
001i000000NuRcS,0.003942116960021655
001i000000NuOFi,8.90729643092323e-05
001i000000NuPP8,0.003942116960021655
001i000000NuOfJ,0.003942116960021655
001i000000NuQRs,0.04597172159846526
001i000000NuQmU,0.003942116960021655
001i000000LhyWz,0.9949288745613228
001i000000NuQv5,0.012081069852887165
001i000000NuRdO,0.003942116960021655
001i000000NuQMC,0.003942116960021655
001i000000NuQtW,0.003942116960021655
001i000000NuPX1,0.003942116960021655
001i000000NuNVy,2.310466533369208e-05
001i000000NuOyG,6.062996073125816e-05
001i000000NuODn,0.00011821400588542381
001i000000NuPMc,0.003942116960021655
001i000000NuNfi,0.003942116960021655
001i000000LhyWb,0.8921252961686807
001i000000NuOYp,2.8380870275877397e-05
001i000000NuSoW,0.005357016158341206
001i000000NuRGV,0.012081069852887165
001i000000NuSAF,0.003942116960021655
001i000000NuPTH,0.07834626878246956
001i000000NuRUF,0.012081069852887165
001i000000NuPHQ,0.002116614487091045
001i000000LhyTy,0.995347525096936
001i000000NuQkD,0.012081069852887165
001i000000NuPCq,0.012081069852887165
001i000000NuRlj,0.003942116960021655
001i000000NuOBF,3.080636622359935e-05
001i000000NuRDn,0.003942116960021655
001i000000NuN7r,0.003942116960021655
001i000000eltWp,0.003942116960021655
001i000000NuNxR,0.0001313211907052803
001i000000Li95g,0.003942116960021655
001i000000NuRIi,0.003942116960021655
001i000000NuP6X,3.733065660393525e-05
001i000000NuNdO,0.003942116960021655
001i000000NuOEe,5.8029642534502976e-05
001i000000NuO4a,0.0003777131092016393
001i000000NuR4k,0.003942116960021655
001i000000Zt6yh,0.003942116960021655
001i000000NuRhv,0.003942116960021655
001i000000NuPci,0.003942116960021655
001i000000NuP7h,0.003942116960021655
001i000000NuQwD,0.003942116960021655
001i000000NuQPg,0.003942116960021655
001i000000NuQ38,0.003942116960021655
001i000000NuQzN,0.003942116960021655
001i000000NuPMN,0.0009104779204399977
001i000000MJzYj,0.003942116960021655
001i000000NuQRG,0.003942116960021655
001i000000NuQ4Y,0.003942116960021655
001i000000NuRQH,0.003942116960021655
001i000000NuPoc,1.2885438069365979e-05
001i000000NuS6U,0.003942116960021655
001i000000NuOsC,1.2564553021799653e-05
001i000000LhyYY,0.5222048907350869
001i000000NuO7C,9.452787402507012e-06
001i000000NuOI1,0.0001605161018823275
001i000000NuNdb,2.876711406950781e-05
001i000000NuOSY,6.062996073125816e-05
001i000000MJzWQ,0.003942116960021655
001i000000LhyVc,0.9283211937401755
001i000000NuOHD,2.2623527273472768e-05
001i000000LhyRY,0.8390848966645359
001i000000MJzYX,0.003942116960021655
001i000000NuRO3,0.012081069852887165
001i000000NuQtA,0.003942116960021655
001i000000NuQM8,0.003942116960021655
001i000000NuRdS,0.003942116960021655
001i000000oks27,0.012081069852887165
001i000000NuQJ4,0.003942116960021655
001i000000LhyQh,0.8731254846500984
001i000000MJzYr,0.003942116960021655
001i000000NuR5r,0.003942116960021655
001i000000NuOkc,0.00019847279517394188
001i000000NuPyE,0.003942116960021655
001i000000NuPz9,0.003942116960021655
001i000000MJzZW,0.003942116960021655
001i000000NuOHF,0.00039951651613112275
001i000000NuRiK,0.003942116960021655
001i000000LhydS,0.9262998488084573
001i000000NuO7B,0.0003391811081932034
001i000000NuOBC,0.00016149210942469994
001i000000NuOGC,0.000971238452202773
001i000000MJzYZ,0.003942116960021655
001i000000NuOwc,0.003942116960021655
001i000000NuRZ6,0.003942116960021655
001i000000NuNWR,0.0001605161018823275
001i000000NuPtD,0.003942116960021655
001i000000LhyRV,0.9117806879769478
001i000000NuRxY,0.003942116960021655
001i000000NuOej,0.00010259747549148399
001i000000NuPkt,0.003942116960021655
001i000000NuOmX,0.009244857040452636
001i000000NuRir,0.003942116960021655
001i000000NuOut,0.05075992309653623
001i000000MJzXV,0.003942116960021655
001i000000NuOoM,6.062996073125816e-05
001i000000NuPRp,0.0001605161018823275
001i000000NuPdn,0.003942116960021655
001i000000NuS7L,0.003942116960021655
001i000000NuNvB,2.879737747089742e-05
001i000000NuP5U,0.001717765725458133
001i000000NuO3T,0.00015549505089094073
001i000000NuOmT,6.062996073125816e-05
001i000000NuOAl,0.0001605161018823275
001i000000NuSpb,0.005161813300686801
001i000000NuPA4,1.4824522575382031e-05
001i000000NuPVL,0.001612262871064606
001i000000NuQle,0.003942116960021655
001i000000sunvd,0.07429269345938257
001i000000LhyRN,0.5718481489550354
001i000000NuPbl,0.003942116960021655
001i000000NuRFF,0.012081069852887165
001i000000N1vVp,0.003942116960021655
001i000000NuQa3,0.003942116960021655
001i000000NuRPm,0.003942116960021655
001i000000NuNqa,7.26171270157134e-05
001i000000NuQ6k,0.003942116960021655
001i000000NuRL4,0.012081069852887165
001i000000NuPyh,1.908238415040267e-05
001i000000NuPzJ,0.003942116960021655
001i000000NuS8e,0.003942116960021655
001i000000NuQpu,0.003942116960021655
001i000000NuQMc,0.003942116960021655
001i000000NuP3b,0.0013443910136642812
001i000000NuNWj,0.00013823110907924731
001i000000NuRMw,0.012081069852887165
001i000000NuPCP,0.021171842344992208
001i000000NuQmm,0.003942116960021655
001i000000NuNl8,0.003942116960021655
001i000000NuRBI,0.012081069852887165
001i000000NuQHh,0.0031323168385029815
001i000000NuOpe,0.0005695304348025717
001i000000NuQOA,0.003942116960021655
001i000000NuOek,0.00014916111449766802
001i000000NuOhG,1.995854765547863e-05
001i000000NuPc6,0.003942116960021655
001i000000NuR9T,0.003942116960021655
001i000000NuRYu,0.003942116960021655
001i000000NuQWQ,0.003942116960021655
001i000000NuR4d,0.012081069852887165
001i000000oks1r,0.012081069852887165
001i000000NuRF5,0.003942116960021655
001i000000NuP6C,4.351902672287443e-05
001i000000NuPDg,0.0028674003980476547
001i000000NuPBd,2.2373071968949535e-05
001i000000LhyQv,0.9935805513376106
001i000000NuQjz,0.003942116960021655
001i000000NuNzw,0.012081069852887165
001i000000NuOrt,6.552171070288824e-05
001i000000NuP6V,6.062996073125816e-05
001i000000NuP11,0.003942116960021655
001i000000NuO1l,6.33585924763858e-05
001i000000NuO6K,0.0001319514551624643
001i000000NuPW7,0.003942116960021655
001i000000NuRLL,0.012081069852887165
001i000000NuPmF,0.003942116960021655
001i000000NuOdm,0.0001316541437120827
001i000000NuO4l,0.003942116960021655
001i000000NuR3s,0.003942116960021655
001i000000NuRcp,0.003942116960021655
001i000000NuQaF,0.3445683796967151
001i000000NuPkN,0.003942116960021655
001i000000NuRCy,0.003942116960021655
001i000000NuPhs,0.0020770702013022074
001i000000NuRb8,0.003942116960021655
001i000000NuOpM,4.761242682915917e-05
001i000000NuQE4,0.003942116960021655
001i000000NuQJS,0.003942116960021655
001i000000NuPz4,0.003942116960021655
001i000000dW8Gx,0.003942116960021655
001i000000NuRHb,0.003942116960021655
001i000000NuQGE,6.439282813129489e-05
001i000000NuQwY,0.003942116960021655
001i000000NuPm4,0.003942116960021655
001i000000NuQh7,0.003942116960021655
001i000000MJzWm,0.003942116960021655
001i000000NuRHm,0.003942116960021655
001i000000MJzVR,0.003942116960021655
001i000000NuPd7,3.733065660393525e-05
001i000000NuOPc,6.062996073125816e-05
001i000000NuNga,0.003942116960021655
001i000000NuQ7h,0.003942116960021655
001i000000NuOKJ,0.00021854936863783736
001i000000NuNxo,0.0002706186930766389
001i000000NuPOX,0.010006974812087949
001i000000NuQpP,0.009658011074012181
001i000000NuNcI,0.003942116960021655
001i000000NuPkD,0.003942116960021655
001i000000Lhyb1,0.8866651811264394
001i000000NuQNS,0.003942116960021655
001i000000NuOkb,0.003942116960021655
001i000000NuNYS,6.062996073125816e-05
001i000000NuRJa,0.012081069852887165
001i000000NuRUM,0.010568907120940956
001i000000aUDw5,0.003942116960021655
001i000000NuO92,0.00047269613398160515
001i000000NuQ1u,0.012081069852887165
001i000000NuPER,3.905967350745273e-05
001i000000bUJa6,0.003942116960021655
001i000000NuQ5T,0.010568907120940956
001i000000NuPHU,2.573631335280238e-05
001i000000oks21,0.6558336921012776
001i000000NuQKJ,0.003942116960021655
001i000000NuNnp,4.950885728471185e-05
001i000000NuRAK,0.003942116960021655
001i000000NuP6i,4.6871258305729236e-05
001i000000NuNeL,0.003942116960021655
001i000000NuS9P,0.003942116960021655
001i000000NuOC1,0.003942116960021655
001i000000NuNme,5.021604237633975e-05
001i000000NuQFw,0.003942116960021655
001i000000LhyWh,0.9590817229328406
001i000000NuRo7,0.003942116960021655
001i000000NuRka,0.003942116960021655
001i000000NuQ7r,0.003942116960021655
001i000000NuQzk,0.003942116960021655
001i000000NuPQp,0.003942116960021655
001i000000NuOKM,6.062996073125816e-05
001i000000NuP35,3.733065660393525e-05
001i000000NuPSL,0.003942116960021655
001i000000LhyYP,0.9456063496919545
001i000000NuPZC,0.003942116960021655
001i000000NuPy7,0.005006011579969894
001i000000LhySv,0.9979107213661786
001i000000Li857,0.003942116960021655
001i000000NuNkE,2.0704617855479812e-05
001i000000NuRF7,0.003942116960021655
001i000000NuQU0,0.003942116960021655
001i000000NuQad,0.003942116960021655
001i000000NuNvb,1.8102374131803616e-05
001i000000NuO35,0.0003342510455471282
001i000000NuP1h,4.775701259261892e-05
001i000000NuQHO,0.003942116960021655
001i000000NuR2F,0.012081069852887165
001i000000NuO7k,0.0005975046028937174
001i000000NuQmT,0.003942116960021655
001i000000NuQf1,0.003942116960021655
001i000000NuQkt,0.003942116960021655
001i000000NuOIr,0.0001605161018823275
001i000000NuR4f,0.012081069852887165
001i000000NuR7A,0.06220468261960919
001i000000NuPbO,6.062996073125816e-05
001i000000NuRNL,0.003942116960021655
001i000000MJzVx,0.003942116960021655
001i000000NuOoI,6.062996073125816e-05
001i000000NuPZT,0.003942116960021655
001i000000NuRVN,0.003942116960021655
001i000000NuROB,0.003942116960021655
001i000000NuPQ1,0.003942116960021655
001i000000NuNru,0.00012601516141932235
001i000000NuOqX,2.7855829648915493e-05
001i000000NuP1B,5.260198322319371e-05
001i000000NuP4g,6.062996073125816e-05
001i000000NuQkT,0.003942116960021655
001i0000018BZUr,0.003942116960021655
001i000000NuOV3,0.006078671753121853
001i000000Li955,0.003942116960021655
001i000000NuQey,0.003942116960021655
001i000000NuQSc,0.003942116960021655
001i000000NuQ9Y,0.003942116960021655
001i000000NuSAQ,0.003942116960021655
001i000000NuNZa,0.021408342915511695
001i000000NuOTO,0.003942116960021655
001i000000NuRft,0.003942116960021655
001i000000NuS1K,0.003942116960021655
001i000000NuOwl,1.908238415040267e-05
001i000000NuP6F,6.23746936432198e-05
001i000000NuR2n,0.003942116960021655
001i000000NuRYn,0.003942116960021655
001i000000NuOUb,6.062996073125816e-05
001i000000NuQBm,0.8901111198539354
001i000000NuO96,0.00011623624775577441
001i000000NuOTo,6.062996073125816e-05
001i000000NuPx9,0.004607464827206655
001i000000NuNkx,0.0012324370044230419
001i000000MJzWf,0.003942116960021655
001i000000NuQOV,0.003942116960021655
001i000000NuRjp,0.003942116960021655
001i000000NuO1O,0.00012601516141932235
001i000000NuP37,6.062996073125816e-05
001i000000NuQiz,0.003942116960021655
001i000000NuROc,0.012081069852887165
001i000000NuOLV,2.4080577955824373e-05
001i000000NuNuG,0.0002857082614871916
001i000000NuR6P,0.007993074136661353
001i000000NuR8y,0.9201411855948569
001i000000NuPdT,0.003942116960021655
001i000000NuNaW,0.003942116960021655
001i000000NuNcJ,0.003022890126765384
001i000000NuONZ,0.0014247492365008366
001i000000NuQot,0.003942116960021655
001i000000NuO6h,0.00010880192998052781
001i000000NuRnE,0.003942116960021655
001i000000NuPBG,4.351902672287443e-05
001i000000NuR3E,0.003942116960021655
001i000000NuNqG,0.00019739885575490484
001i000000NuRbu,0.003942116960021655
001i000000Li95T,0.003942116960021655
001i000000NuPam,0.003942116960021655
001i000000NuQeh,0.018226185758115222
001i000000NuQjH,0.003942116960021655
001i000000NuOvN,0.00027531707001517684
001i000000NuR3W,0.012081069852887165
001i000000oks2W,0.012081069852887165
001i000000NuRFx,0.003942116960021655
001i000000NuPz7,0.003942116960021655
001i000000NuQer,0.003942116960021655
001i000000NuOvu,0.0001605161018823275
001i000000NuR4b,0.002357366553751384
001i000000NuQp3,0.003942116960021655
001i000000LhyTN,0.9779111053209536
001i000000NuRlr,0.003942116960021655
001i000000NuOZq,0.00018437609935834014
001i000000LhyUz,0.8959449303772927
001i000000NuNt1,2.7792241049757948e-05
001i000000MJzVE,0.003942116960021655
001i000000NuOyJ,6.281884814329086e-05
001i000000NuNlW,6.062996073125816e-05
001i000000NuR7h,0.003942116960021655
001i000000NuRGA,0.012081069852887165
001i000000NuQV7,0.003942116960021655
001i000000NuQX2,0.003763194872010788
001i000000NuPHf,0.003942116960021655
001i000000NuOhW,2.8557911561253097e-05
001i000000em8pf,0.003942116960021655
001i000000NuQXP,0.003942116960021655
001i000000NuPia,0.003942116960021655
001i000000NuRBY,0.003942116960021655
001i000000NuQqR,0.003942116960021655
001i000000NuNhP,0.003942116960021655
001i000000NuNdS,0.003942116960021655
001i000000MJzTo,0.003942116960021655
001i000000NuOHm,2.7335853860528217e-05
001i000000NuQcu,0.012081069852887165
001i000000NuNhu,0.003942116960021655
001i000000NuQah,0.003942116960021655
001i000000NuRng,0.003942116960021655
001i000000LhyaZ,0.9781708872238764
001i000000NuQvz,0.003942116960021655
001i000000NuR5y,0.003942116960021655
001i000000NuRyE,0.003942116960021655
001i000000NuOj6,6.062996073125816e-05
001i000000NuQZO,0.003942116960021655
001i000000NuNog,6.942588860485167e-05
001i000000NuR9M,0.012081069852887165
001i000000cCHx7,0.003942116960021655
001i000000NuP9a,0.15842518169616449
001i000000NuRCT,0.003942116960021655
001i000000NuOad,5.336056743821589e-05
001i000000NuP7Q,0.003942116960021655
001i000000MKXh1,0.003942116960021655
001i000000NuO6i,0.00010841794173619036
001i000000NuPvi,0.003942116960021655
001i000000NuS3a,0.003942116960021655
001i000000NuO9j,1.0956395711801659e-05
001i000000LhyaW,0.8928096069690367
001i000000NuOfV,6.062996073125816e-05
001i000000NuPsk,0.003942116960021655
001i000000NuO6Q,1.1498774242853028e-05
001i000000NuQZ6,0.003942116960021655
001i000000NuQDr,0.003942116960021655
001i000000NuPM7,0.003942116960021655
001i000000NuPac,0.003942116960021655
001i000000NuRzO,0.003942116960021655
001i000000NuPpP,1.5696167871012325e-05
001i000000NuRJX,0.012081069852887165
001i000000NuRI3,0.012081069852887165
001i000000NuQXX,0.021408342915511695
001i000000NuQnN,0.003942116960021655
001i000000NuOdu,0.003942116960021655
001i000000NuOOZ,3.7907684155250615e-05
001i000000NuO4C,0.00010160253086496542
001i000000NuNdJ,0.003942116960021655
001i000000NuOml,0.006507174643284388
001i000000NuO0G,1.7111315792582235e-05
001i000000NuRia,0.003942116960021655
001i000000NuOqr,6.062996073125816e-05
001i000000NuQhG,0.003942116960021655
001i000000NuNlv,0.003942116960021655
001i000000NuRO0,0.003942116960021655
001i000000MJzUX,0.003942116960021655
001i000000NuOfZ,3.5566640789943186e-05
001i000000LhySy,0.9494564069596997
001i000000LhyUD,0.6527365979016853
001i000000NuO18,0.0003310751418187158
001i000000NuREv,0.012081069852887165
001i000000NuOlq,0.003942116960021655
001i000000NuNcp,1.9898532403686016e-05
001i000000NuOfW,2.7855829648915493e-05
001i000000NuP2D,0.00015958169457419585
001i000000NuPuU,0.003942116960021655
001i000000NuQBK,0.003942116960021655
001i000000NuOkh,0.0002142310452414384
001i000000NuOyz,0.00014916111449766802
001i000000NuOK2,2.7855829648915493e-05
001i000000NuRbX,0.003942116960021655
001i000000NuOvs,0.0051872264047865
001i000000NuPuO,0.003942116960021655
001i000000NuQxh,0.003942116960021655
001i000000NuNm1,0.003942116960021655
001i000000NuO0k,4.596614643913295e-05
001i000000oks2j,0.012081069852887165
001i000000NuOba,6.062996073125816e-05
001i000000NuOql,0.003942116960021655
001i000000MJzUo,0.003942116960021655
001i000000NuRj2,0.003942116960021655
001i000000NuOEV,0.04118325566707428
001i000000NuQLu,0.003942116960021655
001i000000NuPCY,0.0021175871492655225
001i000000NuNtW,0.00021713964728197233
001i000000NuQY9,0.003942116960021655
001i000000NuRCv,0.012081069852887165
001i000000NuQsh,0.003942116960021655
001i000000NuNhZ,6.062996073125816e-05
001i000000NuOaz,0.00015958169457419585
001i000000NuRda,0.003942116960021655
001i000000Lhyce,0.8951273385736195
001i000000NuNtk,0.0015423409313881124
001i000000NuRPy,0.003942116960021655
001i000000NuQfz,0.013455062334788943
001i000000NuSon,0.0031675304885236907
001i000000NuQz5,0.003942116960021655
001i000000NuRsJ,0.003942116960021655
001i000000NuPMD,0.003942116960021655
001i000000NuQL9,0.003430528220003216
001i000000NuQVH,0.003942116960021655
001i000000NuOXJ,6.062996073125816e-05
001i000000NuPGT,0.003942116960021655
001i000000MJzVZ,0.003942116960021655
001i000000NuOw5,0.00025950964769750435
001i000000NuRzv,0.003942116960021655
001i000000NuOAP,2.3532241288212294e-06
001i000000NuP3n,6.062996073125816e-05
001i000000NuQeu,0.003942116960021655
001i000000NuQWO,0.003942116960021655
001i000000NuQ3R,0.003942116960021655
001i000000NuOeD,2.9906618926231566e-05
001i000000NuQZs,0.003942116960021655
001i000000MJza1,0.003942116960021655
001i000000NuRyU,0.003942116960021655
001i000000NuOcu,0.00015958169457419585
001i000000NuRfK,0.003942116960021655
001i000000NuNXm,0.0026730644858703853
001i000000NuP4r,4.115687104043137e-05
001i000000NuNsd,0.00018055540206502775
001i000000NuPGl,0.0001605161018823275
001i000000NuQog,0.11401132851425808
001i000000LhydI,0.8642397525250487
001i000000NuQHQ,0.003942116960021655
001i000000NuRAi,0.003942116960021655
001i000000NuQ5r,0.003942116960021655
001i000000NuNkt,0.003942116960021655
001i000000NuPbh,0.003942116960021655
001i000000NuOsD,0.0001289267609396696
001i000000NuPqi,0.0002557710906722593
001i000000NuR7P,0.003942116960021655
001i000000NuOsq,0.0060572829732577155
001i000000NuQkI,0.012081069852887165
001i000000NuS2C,0.003942116960021655
001i000000NuPn6,0.003942116960021655
001i000000NuR8V,0.035940251920404356
001i000000NuNgC,0.0001605161018823275
001i000000NuQY0,0.012081069852887165
001i000000NuQCM,0.021408342915511695
001i000000N1vMU,0.003942116960021655
001i000000NuRGi,0.012081069852887165
001i000000NuNdi,0.00021713964728197233
001i000000NuPgI,0.003942116960021655
001i000000NuPVD,0.0001605161018823275
001i000000MJzap,0.003942116960021655
001i000000NuQFd,0.003942116960021655
001i000000NuOCg,7.480022243356513e-05
001i000000NuNYY,0.003942116960021655
001i000000NuQA8,0.00071383912725443
001i000000NuPUj,0.003942116960021655
001i000000NuRGh,0.003942116960021655
001i000000NuOL3,0.0001302000153135543
001i000000NuOd9,0.0008131048434974428
001i000000LhybW,0.8731340956607351
001i000000NuPZ6,0.003942116960021655
001i000000NuOKH,7.95997490236613e-05
001i000000NuQOX,0.005569503475235073
001i000000NuPYz,0.003942116960021655
001i000000NuR3I,0.003942116960021655
001i000000LhyYF,0.9872383256203913
001i000000NuNzV,3.0244098123699267e-05
001i000000NuRIf,0.003942116960021655
001i000000NuRNI,0.003942116960021655
001i000000NuO14,0.0001605161018823275
001i000000aUDyF,0.003942116960021655
001i000000NuRSd,0.012081069852887165
001i000000NuQOp,0.003942116960021655
001i000000NuRrJ,0.003942116960021655
001i000000NuQQI,0.003942116960021655
001i000000NuOkJ,0.003942116960021655
001i000000NuNSJ,6.062996073125816e-05
001i000000NuPA5,0.0018538896853461024
001i000000NuQZi,0.003942116960021655
001i000000NuOKL,6.062996073125816e-05
001i000000NuPT5,0.048737272107903205
001i000000oks38,0.012081069852887165
001i000000NuOvp,4.950885728471185e-05
001i000000NuRLt,0.11454540795437776
001i000000NuOnD,0.0001605161018823275
001i000000NuSod,0.0029218524502912556
001i000000NuOjm,0.0005208071399663085
001i000000NuRla,0.003942116960021655
001i000000NuNVz,7.283371735845638e-06
001i000000NuOWO,6.062996073125816e-05
001i000000NuNx0,0.0001313211907052803
001i000000NuOwX,3.733065660393525e-05
001i000000NuOhp,3.5042748278632024e-05
001i000000NuRZC,0.003942116960021655
001i000000NuPWE,0.003942116960021655
001i000000NuRNb,0.012081069852887165
001i000000aTTlu,0.003942116960021655
001i000000NuPdR,0.003942116960021655
001i000000NuPVu,0.0016635862483939173
001i000000NuRqf,0.003942116960021655
001i000000NuPPZ,0.003942116960021655
001i000000NuPAO,6.596980050146606e-05
001i000000NuQc5,0.003942116960021655
001i000000NuRix,0.003942116960021655
001i000000NuQsq,0.003942116960021655
001i000000NuPpK,0.012081069852887165
001i000000NuNs2,2.1379366570042946e-05
001i000000NuQcG,0.003942116960021655
001i000000NuQyK,0.003942116960021655
001i000000NuPse,0.003942116960021655
001i000000NuOmQ,6.062996073125816e-05
001i000000NuS9O,0.003942116960021655
001i000000NuPwY,0.003942116960021655
001i000000NuNb1,0.003942116960021655
001i000000NuOGl,0.00020442618649625375
001i000000NuPio,0.0016514742817597054
001i000000NuPf7,1.908238415040267e-05
001i000000LhyVt,0.9755189758361283
001i000000NuOTC,3.9600194132950845e-05
001i000000NuNxN,0.003942116960021655
001i000000NuNuT,0.00018334712462968214
001i000000NuPzC,1.908238415040267e-05
001i000000NuSpU,0.0019523839386657216
001i000000NuQLF,0.003942116960021655
001i000000NuR6o,0.003942116960021655
001i000000NuOe0,0.003942116960021655
001i000000NuPMa,0.003942116960021655
001i000000NuOJZ,7.647244196547918e-05
001i000000NuQnJ,0.012081069852887165
001i000000NuOM6,6.062996073125816e-05
001i000000oks12,0.012081069852887165
001i000000NuRl7,0.003942116960021655
001i000000NuR6N,0.006978770016226435
001i000000NuNgK,0.003942116960021655
001i000000NuR1I,0.012081069852887165
001i000000NuPeh,0.003942116960021655
001i000000NuQO2,0.003942116960021655
001i000000NuQt5,0.003942116960021655
001i000000NuQvw,0.048737272107903205
001i000000NuNWo,3.2387913679842526e-05
001i000000NuQh8,0.003942116960021655
001i000000NuQU9,0.012081069852887165
001i000000NuQY3,0.003942116960021655
001i000000NuRKf,0.003942116960021655
001i000000NuQ1V,0.003942116960021655
001i000000em0X4,0.003942116960021655
001i000000NuOTF,6.062996073125816e-05
001i000000NuOgH,6.062996073125816e-05
001i000000NuRDG,0.010568907120940956
001i000000NuOTz,2.8760336065047494e-05
001i000000NuQcW,0.003942116960021655
001i000000NuQFR,0.003942116960021655
001i000000NuR3Y,0.012081069852887165
001i000000NuRwV,0.003942116960021655
001i000000NuQnh,0.003942116960021655
001i000000NuQkQ,0.003942116960021655
001i000000Li94P,0.010568907120940956
001i000000NuPdY,0.003942116960021655
001i000000NuRbd,0.003942116960021655
001i000000NuPLC,0.0060530844814498065
001i000000NuQ0d,0.003942116960021655
001i000000NuOpj,0.00019767144569899297
001i000000NuOgM,4.351902672287443e-05
001i000000NuONF,4.792953886384869e-05
001i000000NuOwK,0.0001605161018823275
001i000000NuNte,4.351902672287443e-05
001i000000NuS5O,0.003942116960021655
001i000000NuPL8,0.003942116960021655
001i000000NuQB2,0.003942116960021655
001i000000NuRjl,0.003942116960021655
001i000000NuNyz,3.733065660393525e-05
001i000000LhyQa,0.8976677070959856
001i000000NuNc1,0.003942116960021655
001i000000NuNwN,0.00014556996154180252
001i000000NuPEf,4.351902672287443e-05
001i000000NuNeu,0.003942116960021655
001i000000NuQe5,0.003942116960021655
001i000000em0YR,0.003942116960021655
001i000000NuQTc,0.003942116960021655
001i000000NuQIZ,0.003942116960021655
001i000000NuRNn,0.012081069852887165
001i000000NuQBk,0.05958829663417185
001i000000LhyUs,0.9921508541718798
001i000000NuQOd,0.003942116960021655
001i000000NuS9Y,0.003942116960021655
001i000000NuPIC,9.452787402507012e-06
001i000000LhyY4,0.4011113127904921
001i000000NuPKX,0.003942116960021655
001i000000NuRfr,0.003942116960021655
001i000000NuQ23,0.003942116960021655
001i000000NuRBv,0.23213839183876037
001i000000Li959,0.003942116960021655
001i000000NuOuF,0.0018968412222920865
001i000000NuRf1,0.003942116960021655
001i000000NuRXO,0.003942116960021655
001i000000NuPEA,0.0001639518912480927
001i000000NuRVU,0.012081069852887165
001i000000NuRFJ,0.012081069852887165
001i000000NuPNC,0.003942116960021655
001i000000NuOjW,0.0005208071399663085
001i000000NuOv8,6.062996073125816e-05
001i000000NuOAG,1.908238415040267e-05
001i000000MJzWD,0.003942116960021655
001i000000NuOCw,0.028948313790556145
001i000000NuPQk,0.003942116960021655
001i000000NuO2e,0.0001349531639658412
001i000000NuPsT,0.00806326836291745
001i000000NuO9p,0.00011049759493127252
001i000000NuOrH,0.0001605161018823275
001i000000NuR3H,0.012081069852887165
001i000000NuNuo,6.062996073125816e-05
001i000000NuRl5,0.003942116960021655
001i000000NuOTe,3.440263999850855e-05
001i000000NuQU6,0.003942116960021655
001i000000NuPoB,0.003942116960021655
001i000000NuPs1,0.003942116960021655
001i000000aUDxW,0.003942116960021655
001i000000NuNwn,3.4795858850152714e-05
001i000000NuRqw,0.003942116960021655
001i000000NuQj1,0.003942116960021655
001i000000NuOsV,0.0013443910136642812
001i000000NuOEQ,0.7112917555286304
001i000000NuPMn,0.003942116960021655
001i000000NuQ7G,0.00013073405654604042
001i000000NuQm3,0.003942116960021655
001i000000NuNqQ,0.0722466713065763
001i000000NuR3e,0.012081069852887165
001i000000NuNTX,0.014323166631052268
001i000000NuPvW,0.003942116960021655
001i000000NuO0o,0.00015400802353541702
001i000000NuO7H,0.0008001281665025943
001i000000NuOIy,0.0001605161018823275
001i000000NuNZL,0.003942116960021655
001i000000oks20,0.012081069852887165
001i000000NuQIY,0.003942116960021655
001i000000NuOMh,2.4386702749609247e-05
001i000000NuPlU,0.003942116960021655
001i000000NuPZF,0.003942116960021655
001i000000NuP9r,3.4700142746837316e-05
001i000000NuPH3,6.062996073125816e-05
001i000000NuQwo,0.003942116960021655
001i000000NuPrW,0.003942116960021655
001i000000NuPX2,0.0016568760415464146
001i000000NuNyN,0.10833411281470998
001i000000NuP1k,0.003664957254018239
001i000000NuQ8n,0.003942116960021655
001i000000NuPjf,0.003942116960021655
001i000000NuRdw,0.003942116960021655
001i000000NuQKd,0.003942116960021655
001i000000NuRX1,0.012081069852887165
001i000000NuS6M,0.003942116960021655
001i000000NuOXO,0.002116614487091045
001i000000NuQ8Y,0.003942116960021655
001i000000MJzbk,0.003942116960021655
001i000000NuRdt,0.003942116960021655
001i000000NuOdr,0.0001605161018823275
001i000000NuOwT,1.6795124822120648e-05
001i000000NuQRP,0.003942116960021655
001i000000NuQaJ,0.003942116960021655
001i000000NuRCi,0.010568907120940956
001i000000NuPzi,0.003942116960021655
001i000000NuQ3S,0.003942116960021655
001i000000NuNqk,0.0003391811081932034
001i000000LiKyq,0.003942116960021655
001i000000NuOC7,0.003942116960021655
001i000000NuNy5,0.045954876437344166
001i000000NuQWo,0.05571647223606836
001i000000NuQ1e,0.012081069852887165
001i000000NuPv7,0.003942116960021655
001i000000NuRld,0.003942116960021655
001i000000NuOWH,6.062996073125816e-05
001i000000NuP1N,0.0001605161018823275
001i000000NuRCF,0.003942116960021655
001i000000NuQEO,0.003942116960021655
001i000000NuQjh,1.1295537468312553e-05
001i000000NuOwW,3.733065660393525e-05
001i000000NuNYw,0.003942116960021655
001i000000NuQNX,0.003942116960021655
001i000000NuPBi,0.0001605161018823275
001i000000NuQ1Z,0.003942116960021655
001i000000NuRz2,0.003942116960021655
001i000000NuRyb,0.012081069852887165
001i000000NuP3e,2.8622897280955555e-05
001i000000NuNtn,1.908238415040267e-05
001i000000NuRQW,0.003942116960021655
001i000000NuRlN,0.003942116960021655
001i000000NuQYh,0.003942116960021655
001i000000NuOJg,0.0001605161018823275
001i000000NuObP,6.062996073125816e-05
001i000000NuPnV,0.003942116960021655
001i000000NuQDU,0.003942116960021655
001i000000NuPx7,0.003942116960021655
001i000000NuPTZ,0.00014556996154180252
001i000000LhyZo,0.8063374374789548
001i000000NuOos,3.733065660393525e-05
001i000000NuPLU,0.003942116960021655
001i000000NuPJN,0.06147952835407638
001i000000NuQkH,0.012081069852887165
001i000000NuNu0,0.027242760130511006
001i000000NuNVb,3.9274927529422534e-05
001i000000NuQrY,0.012081069852887165
001i000000NuPmN,0.003942116960021655
001i000000NuPfA,3.733065660393525e-05
001i000000NuRXc,0.003942116960021655
001i000000NuPCi,0.003942116960021655
001i000000NuQxn,0.003942116960021655
001i000000NuRJL,0.012081069852887165
001i000000NuRKD,0.012081069852887165
001i000000NuP4L,3.7948099035438165e-05
001i000000oks2D,0.012081069852887165
001i000000NuQjZ,0.003942116960021655
001i000000NuQ3a,0.003942116960021655
001i000000NuOc1,0.0007454178659818603
001i000000NuNck,0.003942116960021655
001i000000NuQAA,0.00071383912725443
001i000000NuOZN,0.13230902439275097
001i000000NuOWf,3.18572922566299e-05
001i000000NuOFp,0.0004632750094310567
001i000000NuQMN,0.003942116960021655
001i000000NuPIj,1.3428230747482356e-05
001i000000NuOk3,0.012081069852887165
001i000000NuR2V,0.003942116960021655
001i000000NuOm9,0.0003073269305294558
001i000000NuOhC,8.103914552001755e-05
001i000000NuQ6b,0.0001605161018823275
001i000000NuOSn,1.908238415040267e-05
001i000000NuPTD,0.0021011876058036343
001i000000NuRB1,0.010568907120940956
001i000000NuQSh,0.003942116960021655
001i000000MJzTi,0.003942116960021655
001i000000NuP5a,6.062996073125816e-05
001i000000NuRLG,0.012081069852887165
001i000000NuRO5,0.003942116960021655
001i000000NuOcc,0.00037974477988871844
001i000000NuQGv,0.003942116960021655
001i000000aTTEn,0.003942116960021655
001i000000NuPr0,0.003942116960021655
001i000000NuQy2,0.003942116960021655
001i000000NuRjw,0.003942116960021655
001i000000NuP0h,0.003942116960021655
001i000000NuOuB,4.9831702045471186e-05
001i000000NuS4u,0.003942116960021655
001i000000NuRzm,0.003942116960021655
001i000000NuNbz,0.003942116960021655
001i000000NuRWn,0.012081069852887165
001i000000NuNvt,0.010394072804645592
001i000000NuQXb,0.003942116960021655
001i000000NuP6j,3.733065660393525e-05
001i000000NuQIS,0.003942116960021655
001i000000NuOT5,0.0001605161018823275
001i000000NuP76,0.0002731005315202712
001i000000NuNXA,6.062996073125816e-05
001i000000NuQu9,0.003942116960021655
001i000000Li96C,0.003942116960021655
001i000000MJzYD,0.003942116960021655
001i000000NuOHd,4.351902672287443e-05
001i000000NuRDK,0.012081069852887165
001i000000MKXga,0.003942116960021655
001i000000NuORB,2.7855829648915493e-05
001i000000NuQJO,0.003942116960021655
001i000000NuOvX,1.7914510608491332e-05
001i000000NuRIP,0.010568907120940956
001i000000NuQpQ,0.003942116960021655
001i000000NuPdU,0.003942116960021655
001i000000MJzZ6,0.003942116960021655
001i000000NuRNT,0.003942116960021655
001i000000NuPLy,7.66715171406994e-05
001i000000NuOtQ,2.8432807159378718e-05
001i000000NuNmy,1.0880854828105824e-05
001i000000NuOXA,0.003942116960021655
001i000000NuPus,0.003942116960021655
001i000000NuRWd,0.11454540795437776
001i000000NuPX5,0.002116614487091045
001i000000NuNYH,0.003942116960021655
001i000000NuP8v,0.002307797719685726
001i000000NuOlc,0.0001538701094972774
001i000000NuR4R,0.003942116960021655
001i000000NuQED,0.003942116960021655
001i000000NuNn4,0.0003494490808617459
001i000000NuQk6,0.003942116960021655
001i000000MJzaX,0.003942116960021655
001i000000NuPtL,0.003942116960021655
001i000000NuNwA,0.00012073771449240892
001i000000NuPq4,0.021408342915511695
001i000000NuQce,0.003942116960021655
001i000000NuQ8R,0.003942116960021655
001i000000NuPB3,3.240099077595601e-05
001i000000NuRi6,0.003942116960021655
001i000000NuQXO,0.003942116960021655
001i000000aUDxH,0.003942116960021655
001i000000NuPLS,0.003942116960021655
001i000000NuQ8m,0.003942116960021655
001i000000oks4A,0.012081069852887165
001i000000NuOLe,0.0002210548751674089
001i000000NuPL5,0.003942116960021655
001i000000NuQtg,0.003942116960021655
001i000000MJzUZ,0.003942116960021655
001i000000NuQHV,0.003942116960021655
001i000000MJzZm,0.003942116960021655
001i000000NuNrL,6.062996073125816e-05
001i000000NuOcd,6.062996073125816e-05
001i000000NuQBC,0.003942116960021655
001i000000Lhyaj,0.9183169339458409
001i000000NuQRt,0.048737272107903205
001i000000NuP3y,9.452787402507012e-06
001i000000NuRib,0.003942116960021655
001i000000NuP7J,2.1217793566793987e-05
001i000000NuRJd,0.012081069852887165
001i000000NuOAN,4.2010933300915344e-05
